# SQLFront 3.2  (Build 14.11)

/*!40103 SET @OLD_TIME_ZONE=@@TIME_ZONE */;
/*!40103 SET TIME_ZONE='SYSTEM' */;
/*!40101 SET @OLD_SQL_MODE=@@SQL_MODE */;
/*!40101 SET SQL_MODE='' */;
/*!40111 SET @OLD_SQL_NOTES=@@SQL_NOTES */;
/*!40103 SET SQL_NOTES='ON' */;


# Host: localhost    Database: lpp
# ------------------------------------------------------
# Server version 4.1.21-community-nt

DROP DATABASE IF EXISTS `lpp`;
CREATE DATABASE `lpp` /*!40100 DEFAULT CHARACTER SET utf8 COLLATE utf8_unicode_ci */;
USE `lpp`;

/*!40101 SET NAMES utf8 */;

#
# Table structure for table events
#

CREATE TABLE `events` (
  `id` int(11) NOT NULL auto_increment,
  `player_id` int(11) default NULL,
  `time` datetime default NULL,
  `type` char(255) character set cp1251 default NULL,
  `raking` decimal(8,4) default NULL,
  `comment` char(255) character set cp1251 default NULL,
  `parent_id` int(11) default NULL,
  PRIMARY KEY  (`id`)
) ENGINE=InnoDB DEFAULT CHARSET=utf8 COLLATE=utf8_unicode_ci ROW_FORMAT=FIXED;

#
# Dumping data for table events
#

INSERT INTO `events` VALUES (1,2,'2007-01-27 16:00:00','Tour',43.7056,NULL,1);
INSERT INTO `events` VALUES (2,6,'2007-01-27 16:00:00','Tour',34.9645,NULL,2);
INSERT INTO `events` VALUES (3,12,'2007-01-27 16:00:00','Tour',30.3025,NULL,3);
INSERT INTO `events` VALUES (4,4,'2007-01-27 16:00:00','Tour',27.0392,NULL,4);
INSERT INTO `events` VALUES (5,24,'2007-01-27 16:00:00','Tour',25.1744,NULL,5);
INSERT INTO `events` VALUES (6,27,'2007-01-27 16:00:00','Tour',23.3097,NULL,6);
INSERT INTO `events` VALUES (7,28,'2007-01-27 16:00:00','Tour',22.0043,NULL,7);
INSERT INTO `events` VALUES (8,18,'2007-01-27 16:00:00','Tour',21.2584,NULL,8);
INSERT INTO `events` VALUES (9,26,'2007-01-27 16:00:00','Tour',20.5125,NULL,9);
INSERT INTO `events` VALUES (10,21,'2007-01-27 16:00:00','Tour',19.7666,NULL,10);
INSERT INTO `events` VALUES (11,14,'2007-01-27 16:00:00','Tour',19.0207,NULL,11);
INSERT INTO `events` VALUES (12,7,'2007-01-27 16:00:00','Tour',18.2748,NULL,12);
INSERT INTO `events` VALUES (13,9,'2007-01-27 16:00:00','Tour',17.7526,NULL,13);
INSERT INTO `events` VALUES (14,8,'2007-01-27 16:00:00','Tour',17.4543,NULL,14);
INSERT INTO `events` VALUES (15,36,'2007-01-27 16:00:00','Tour',17.1559,NULL,15);
INSERT INTO `events` VALUES (16,15,'2007-01-27 16:00:00','Tour',16.8575,NULL,16);
INSERT INTO `events` VALUES (17,23,'2007-01-27 16:00:00','Tour',16.5592,NULL,17);
INSERT INTO `events` VALUES (18,38,'2007-01-27 16:00:00','Tour',16.2608,NULL,18);
INSERT INTO `events` VALUES (19,19,'2007-01-27 16:00:00','Tour',15.9624,NULL,19);
INSERT INTO `events` VALUES (20,40,'2007-01-27 16:00:00','Tour',15.6641,NULL,20);
INSERT INTO `events` VALUES (21,12,'2007-02-17 22:00:00','Tour',6.1962,NULL,21);
INSERT INTO `events` VALUES (22,25,'2007-02-17 22:00:00','Tour',4.957,NULL,22);
INSERT INTO `events` VALUES (23,15,'2007-02-17 22:00:00','Tour',4.296,NULL,23);
INSERT INTO `events` VALUES (24,26,'2007-02-17 22:00:00','Tour',3.8334,NULL,24);
INSERT INTO `events` VALUES (25,7,'2007-02-17 22:00:00','Tour',3.569,NULL,25);
INSERT INTO `events` VALUES (26,14,'2007-02-17 22:00:00','Tour',3.3046,NULL,26);
INSERT INTO `events` VALUES (27,4,'2007-02-17 22:00:00','Tour',3.1196,NULL,27);
INSERT INTO `events` VALUES (28,9,'2007-02-17 22:00:00','Tour',3.0138,NULL,28);
INSERT INTO `events` VALUES (29,1,'2007-02-17 22:00:00','Tour',2.8552,NULL,29);
INSERT INTO `events` VALUES (30,48,'2007-02-17 22:00:00','Tour',2.8552,NULL,30);
INSERT INTO `events` VALUES (31,12,'2007-07-28 22:00:00','Tour',6.2982,NULL,31);
INSERT INTO `events` VALUES (32,2,'2007-07-28 22:00:00','Tour',5.0386,NULL,32);
INSERT INTO `events` VALUES (33,15,'2007-07-28 22:00:00','Tour',4.3667,NULL,33);
INSERT INTO `events` VALUES (34,7,'2007-07-28 22:00:00','Tour',3.8965,NULL,34);
INSERT INTO `events` VALUES (35,8,'2007-07-28 22:00:00','Tour',3.6278,NULL,35);
INSERT INTO `events` VALUES (36,4,'2007-07-28 22:00:00','Tour',3.359,NULL,36);
INSERT INTO `events` VALUES (37,37,'2007-07-28 22:00:00','Tour',3.1709,NULL,37);
INSERT INTO `events` VALUES (38,1,'2007-07-28 22:00:00','Tour',3.0634,NULL,38);
INSERT INTO `events` VALUES (39,9,'2007-07-28 22:00:00','Tour',2.956,NULL,39);
INSERT INTO `events` VALUES (40,17,'2007-07-28 22:00:00','Tour',2.8485,NULL,40);
INSERT INTO `events` VALUES (41,19,'2007-07-28 22:00:00','Tour',2.741,NULL,41);
INSERT INTO `events` VALUES (42,14,'2007-07-28 22:00:00','Tour',2.6335,NULL,42);
INSERT INTO `events` VALUES (64,2,'2007-12-01 22:00:00','Tour',40.5281,NULL,64);
INSERT INTO `events` VALUES (65,6,'2007-12-01 22:00:00','Tour',32.4225,NULL,65);
INSERT INTO `events` VALUES (66,12,'2007-12-01 22:00:00','Tour',28.0995,NULL,66);
INSERT INTO `events` VALUES (67,1,'2007-12-01 22:00:00','Tour',25.0734,NULL,67);
INSERT INTO `events` VALUES (68,15,'2007-12-01 22:00:00','Tour',23.3442,NULL,68);
INSERT INTO `events` VALUES (69,4,'2007-12-01 22:00:00','Tour',21.615,NULL,69);
INSERT INTO `events` VALUES (70,25,'2007-12-01 22:00:00','Tour',20.0587,NULL,70);
INSERT INTO `events` VALUES (71,7,'2007-12-01 22:00:00','Tour',20.0587,NULL,71);
INSERT INTO `events` VALUES (72,14,'2007-12-01 22:00:00','Tour',18.6754,NULL,72);
INSERT INTO `events` VALUES (73,8,'2007-12-01 22:00:00','Tour',18.6754,NULL,73);
INSERT INTO `events` VALUES (74,34,'2007-12-01 22:00:00','Tour',17.292,NULL,74);
INSERT INTO `events` VALUES (75,35,'2007-12-01 22:00:00','Tour',17.292,NULL,75);
INSERT INTO `events` VALUES (76,18,'2007-12-01 22:00:00','Tour',16.047,NULL,76);
INSERT INTO `events` VALUES (77,19,'2007-12-01 22:00:00','Tour',16.047,NULL,77);
INSERT INTO `events` VALUES (78,9,'2007-12-01 22:00:00','Tour',16.047,NULL,78);
INSERT INTO `events` VALUES (79,39,'2007-12-01 22:00:00','Tour',16.047,NULL,79);
INSERT INTO `events` VALUES (80,20,'2007-12-01 22:00:00','Tour',14.9403,NULL,80);
INSERT INTO `events` VALUES (81,43,'2007-12-01 22:00:00','Tour',14.9403,NULL,81);
INSERT INTO `events` VALUES (82,21,'2007-12-01 22:00:00','Tour',14.9403,NULL,82);
INSERT INTO `events` VALUES (83,42,'2007-12-01 22:00:00','Tour',14.9403,NULL,83);
INSERT INTO `events` VALUES (84,41,'2007-12-01 22:00:00','Tour',13.9719,NULL,84);
INSERT INTO `events` VALUES (85,37,'2007-12-01 22:00:00','Tour',13.9719,NULL,85);
INSERT INTO `events` VALUES (86,44,'2007-12-01 22:00:00','Tour',13.9719,NULL,86);
INSERT INTO `events` VALUES (97,1,'2008-07-26 22:00:00','Tour',4.6801,NULL,97);
INSERT INTO `events` VALUES (98,4,'2008-07-26 22:00:00','Tour',3.7441,NULL,98);
INSERT INTO `events` VALUES (99,9,'2008-07-26 22:00:00','Tour',3.2449,NULL,99);
INSERT INTO `events` VALUES (100,22,'2008-07-26 22:00:00','Tour',2.8954,NULL,100);
INSERT INTO `events` VALUES (101,14,'2008-07-26 22:00:00','Tour',2.516,NULL,101);
INSERT INTO `events` VALUES (102,47,'2008-07-26 22:00:00','Tour',2.516,NULL,102);
INSERT INTO `events` VALUES (103,10,'2008-07-26 22:00:00','Tour',2.516,NULL,103);
INSERT INTO `events` VALUES (104,7,'2008-07-26 22:00:00','Tour',2.2764,NULL,104);
INSERT INTO `events` VALUES (105,29,'2008-07-26 22:00:00','Tour',1.9877,NULL,105);
INSERT INTO `events` VALUES (106,6,'2008-07-26 22:00:00','Tour',1.9877,NULL,106);
INSERT INTO `events` VALUES (107,45,'2008-07-26 22:00:00','Tour',1.9877,NULL,107);
INSERT INTO `events` VALUES (108,20,'2008-07-26 22:00:00','Tour',1.9877,NULL,108);
INSERT INTO `events` VALUES (109,19,'2008-07-26 22:00:00','Tour',1.9877,NULL,109);
INSERT INTO `events` VALUES (110,12,'2008-07-26 22:00:00','Tour',1.9877,NULL,110);
INSERT INTO `events` VALUES (111,8,'2008-07-26 22:00:00','Tour',1.9877,NULL,111);
INSERT INTO `events` VALUES (112,31,'2008-07-26 22:00:00','Tour',1.8051,NULL,112);
INSERT INTO `events` VALUES (169,1,'2008-10-25 15:00:00','Tour',50.5705,NULL,169);
INSERT INTO `events` VALUES (170,4,'2008-10-25 15:00:00','Tour',40.4564,NULL,170);
INSERT INTO `events` VALUES (171,6,'2008-10-25 15:00:00','Tour',35.0622,NULL,171);
INSERT INTO `events` VALUES (172,22,'2008-10-25 15:00:00','Tour',31.2863,NULL,172);
INSERT INTO `events` VALUES (173,13,'2008-10-25 15:00:00','Tour',29.1286,NULL,173);
INSERT INTO `events` VALUES (174,12,'2008-10-25 15:00:00','Tour',26.9709,NULL,174);
INSERT INTO `events` VALUES (175,7,'2008-10-25 15:00:00','Tour',25.0291,NULL,175);
INSERT INTO `events` VALUES (176,8,'2008-10-25 15:00:00','Tour',25.0291,NULL,176);
INSERT INTO `events` VALUES (177,17,'2008-10-25 15:00:00','Tour',23.3029,NULL,177);
INSERT INTO `events` VALUES (178,11,'2008-10-25 15:00:00','Tour',23.3029,NULL,178);
INSERT INTO `events` VALUES (179,9,'2008-10-25 15:00:00','Tour',21.5768,NULL,179);
INSERT INTO `events` VALUES (180,16,'2008-10-25 15:00:00','Tour',21.5768,NULL,180);
INSERT INTO `events` VALUES (181,15,'2008-10-25 15:00:00','Tour',20.5411,NULL,181);
INSERT INTO `events` VALUES (182,14,'2008-10-25 15:00:00','Tour',20.1958,NULL,182);
INSERT INTO `events` VALUES (183,29,'2008-10-25 15:00:00','Tour',19.8506,NULL,183);
INSERT INTO `events` VALUES (184,10,'2008-10-25 15:00:00','Tour',19.5054,NULL,184);
INSERT INTO `events` VALUES (185,30,'2008-10-25 15:00:00','Tour',19.1602,NULL,185);
INSERT INTO `events` VALUES (186,20,'2008-10-25 15:00:00','Tour',18.8149,NULL,186);
INSERT INTO `events` VALUES (187,31,'2008-10-25 15:00:00','Tour',18.2971,NULL,187);
INSERT INTO `events` VALUES (188,32,'2008-10-25 15:00:00','Tour',18.2971,NULL,188);
INSERT INTO `events` VALUES (189,23,'2008-10-25 15:00:00','Tour',17.6066,NULL,189);
INSERT INTO `events` VALUES (190,33,'2008-10-25 15:00:00','Tour',17.6066,NULL,190);
INSERT INTO `events` VALUES (206,5,'2009-01-17 20:30:00','Tour',17.0437,NULL,206);
INSERT INTO `events` VALUES (207,1,'2009-01-17 20:30:00','Tour',13.635,NULL,207);
INSERT INTO `events` VALUES (208,2,'2009-01-17 20:30:00','Tour',9.8172,NULL,208);
INSERT INTO `events` VALUES (209,4,'2009-01-17 20:30:00','Tour',9.8172,NULL,209);
INSERT INTO `events` VALUES (210,22,'2009-01-17 20:30:00','Tour',6.283,NULL,210);
INSERT INTO `events` VALUES (211,11,'2009-01-17 20:30:00','Tour',6.283,NULL,211);
INSERT INTO `events` VALUES (212,6,'2009-01-17 20:30:00','Tour',4.0211,NULL,212);
INSERT INTO `events` VALUES (213,17,'2009-01-17 20:30:00','Tour',4.0211,NULL,213);
INSERT INTO `events` VALUES (214,12,'2009-01-17 20:30:00','Tour',2.1103,NULL,214);
INSERT INTO `events` VALUES (215,3,'2009-01-17 20:30:00','Tour',2.1103,NULL,215);
INSERT INTO `events` VALUES (216,15,'2009-01-17 20:30:00','Tour',2.1103,NULL,216);
INSERT INTO `events` VALUES (217,7,'2009-01-17 20:30:00','Tour',2.1103,NULL,217);
INSERT INTO `events` VALUES (218,29,'2009-01-17 20:30:00','Tour',0.8644,NULL,218);
INSERT INTO `events` VALUES (219,10,'2009-01-17 20:30:00','Tour',0.8644,NULL,219);
INSERT INTO `events` VALUES (220,8,'2009-01-17 20:30:00','Tour',0.8644,NULL,220);
INSERT INTO `events` VALUES (221,46,'2009-01-17 20:30:00','Tour',0.8644,NULL,221);
INSERT INTO `events` VALUES (233,5,'2009-02-15 20:30:00','Tour',12.7103,NULL,233);
INSERT INTO `events` VALUES (234,12,'2009-02-15 20:30:00','Tour',10.1682,NULL,234);
INSERT INTO `events` VALUES (235,2,'2009-02-15 20:30:00','Tour',8.8124,NULL,235);
INSERT INTO `events` VALUES (236,7,'2009-02-15 20:30:00','Tour',7.8634,NULL,236);
INSERT INTO `events` VALUES (237,10,'2009-02-15 20:30:00','Tour',7.05,NULL,237);
INSERT INTO `events` VALUES (238,1,'2009-02-15 20:30:00','Tour',7.05,NULL,238);
INSERT INTO `events` VALUES (239,6,'2009-02-15 20:30:00','Tour',6.2907,NULL,239);
INSERT INTO `events` VALUES (240,16,'2009-02-15 20:30:00','Tour',6.2907,NULL,240);
INSERT INTO `events` VALUES (241,17,'2009-02-15 20:30:00','Tour',5.64,NULL,241);
INSERT INTO `events` VALUES (242,28,'2009-02-15 20:30:00','Tour',5.64,NULL,242);
INSERT INTO `events` VALUES (243,27,'2009-02-15 20:30:00','Tour',5.64,NULL,243);
INSERT INTO `events` VALUES (244,49,'2009-02-15 20:30:00','Tour',5.64,NULL,244);
INSERT INTO `events` VALUES (245,51,'2009-02-15 20:30:00','Tour',5.1194,NULL,245);
INSERT INTO `events` VALUES (246,50,'2009-02-15 20:30:00','Tour',5.1194,NULL,246);
INSERT INTO `events` VALUES (258,1,'2009-03-14 20:30:00','Tour',13.105,NULL,258);
INSERT INTO `events` VALUES (259,17,'2009-03-14 20:30:00','Tour',10.484,NULL,259);
INSERT INTO `events` VALUES (260,3,'2009-03-14 20:30:00','Tour',9.0861,NULL,260);
INSERT INTO `events` VALUES (261,12,'2009-03-14 20:30:00','Tour',8.1077,NULL,261);
INSERT INTO `events` VALUES (262,6,'2009-03-14 20:30:00','Tour',7.2689,NULL,262);
INSERT INTO `events` VALUES (263,15,'2009-03-14 20:30:00','Tour',7.2689,NULL,263);
INSERT INTO `events` VALUES (264,11,'2009-03-14 20:30:00','Tour',6.4861,NULL,264);
INSERT INTO `events` VALUES (265,7,'2009-03-14 20:30:00','Tour',6.4861,NULL,265);
INSERT INTO `events` VALUES (266,49,'2009-03-14 20:30:00','Tour',5.8151,NULL,266);
INSERT INTO `events` VALUES (267,16,'2009-03-14 20:30:00','Tour',5.8151,NULL,267);
INSERT INTO `events` VALUES (268,51,'2009-03-14 20:30:00','Tour',5.8151,NULL,268);
INSERT INTO `events` VALUES (269,52,'2009-03-14 20:30:00','Tour',5.8151,NULL,269);
INSERT INTO `events` VALUES (270,10,'2009-03-14 20:30:00','Tour',5.3231,NULL,270);
INSERT INTO `events` VALUES (271,5,'2009-04-11 20:30:00','Tour',17.1919,NULL,271);
INSERT INTO `events` VALUES (272,2,'2009-04-11 20:30:00','Tour',13.7535,NULL,272);
INSERT INTO `events` VALUES (273,17,'2009-04-11 20:30:00','Tour',11.9197,NULL,273);
INSERT INTO `events` VALUES (274,51,'2009-04-11 20:30:00','Tour',10.6361,NULL,274);
INSERT INTO `events` VALUES (275,6,'2009-04-11 20:30:00','Tour',9.5358,NULL,275);
INSERT INTO `events` VALUES (276,1,'2009-04-11 20:30:00','Tour',9.5358,NULL,276);
INSERT INTO `events` VALUES (277,15,'2009-04-11 20:30:00','Tour',8.5088,NULL,277);
INSERT INTO `events` VALUES (278,50,'2009-04-11 20:30:00','Tour',8.5088,NULL,278);
INSERT INTO `events` VALUES (279,11,'2009-04-11 20:30:00','Tour',7.922,NULL,279);
INSERT INTO `events` VALUES (280,12,'2009-04-11 20:30:00','Tour',7.922,NULL,280);
INSERT INTO `events` VALUES (4483,51,'2009-02-24 12:00:00','QualifyMatch',96.8099,NULL,9);
INSERT INTO `events` VALUES (4484,5,'2009-02-24 12:00:00','QualifierMatch',0,NULL,9);
INSERT INTO `events` VALUES (4485,50,'2009-02-19 12:00:00','QualifyMatch',12.4766,NULL,10);
INSERT INTO `events` VALUES (4486,6,'2009-02-19 12:00:00','QualifierMatch',0,NULL,10);
INSERT INTO `events` VALUES (4487,51,'2009-02-19 13:00:00','QualifyMatch',12.4766,NULL,11);
INSERT INTO `events` VALUES (4488,6,'2009-02-19 13:00:00','QualifierMatch',0,NULL,11);
INSERT INTO `events` VALUES (4489,49,'2009-02-19 14:00:00','QualifyMatch',110.4184,NULL,12);
INSERT INTO `events` VALUES (4490,17,'2009-02-19 14:00:00','QualifierMatch',0,NULL,12);
INSERT INTO `events` VALUES (4491,49,'2009-02-17 12:00:00','QualifyMatch',92.9127,NULL,13);
INSERT INTO `events` VALUES (4492,5,'2009-02-17 12:00:00','QualifierMatch',0,NULL,13);
INSERT INTO `events` VALUES (4493,50,'2009-02-17 13:00:00','QualifyMatch',23.2282,NULL,14);
INSERT INTO `events` VALUES (4494,5,'2009-02-17 13:00:00','QualifierMatch',0,NULL,14);
INSERT INTO `events` VALUES (4495,50,'2009-02-17 14:00:00','QualifyMatch',10.9226,NULL,15);
INSERT INTO `events` VALUES (4496,4,'2009-02-17 14:00:00','QualifierMatch',0,NULL,15);
INSERT INTO `events` VALUES (4497,50,'2009-02-17 15:00:00','QualifyMatch',27.6046,NULL,16);
INSERT INTO `events` VALUES (4498,50,'2009-02-19 12:00:00','Qualification',15.5425,NULL,NULL);
INSERT INTO `events` VALUES (4499,17,'2009-02-17 15:00:00','QualifierMatch',0,NULL,16);
INSERT INTO `events` VALUES (4500,49,'2009-02-17 16:00:00','QualifyMatch',94.9482,NULL,17);
INSERT INTO `events` VALUES (4501,14,'2009-02-17 16:00:00','QualifierMatch',0,NULL,17);
INSERT INTO `events` VALUES (4502,49,'2009-02-17 17:00:00','QualifyMatch',106.7708,NULL,18);
INSERT INTO `events` VALUES (4503,49,'2009-02-19 14:00:00','Qualification',98.2106,NULL,NULL);
INSERT INTO `events` VALUES (4504,15,'2009-02-17 17:00:00','QualifierMatch',0,NULL,18);
INSERT INTO `events` VALUES (4505,51,'2009-02-16 12:00:00','QualifyMatch',39.6554,NULL,19);
INSERT INTO `events` VALUES (4506,17,'2009-02-16 12:00:00','QualifierMatch',0,NULL,19);
INSERT INTO `events` VALUES (4507,51,'2009-02-16 13:00:00','QualifyMatch',47.7877,NULL,20);
INSERT INTO `events` VALUES (4508,51,'2009-02-24 12:00:00','Qualification',33.3066,NULL,NULL);
INSERT INTO `events` VALUES (4509,11,'2009-02-16 13:00:00','QualifierMatch',0,NULL,20);
INSERT INTO `events` VALUES (4510,47,'2009-01-22 12:00:00','QualifyMatch',48.7083,NULL,21);
INSERT INTO `events` VALUES (4511,11,'2009-01-22 12:00:00','QualifierMatch',0,NULL,21);
INSERT INTO `events` VALUES (4512,47,'2009-01-15 12:00:00','QualifyMatch',28.7525,NULL,22);
INSERT INTO `events` VALUES (4513,6,'2009-01-15 12:00:00','QualifierMatch',0,NULL,22);
INSERT INTO `events` VALUES (4514,47,'2009-01-15 13:00:00','QualifyMatch',61.6765,NULL,23);
INSERT INTO `events` VALUES (4515,14,'2009-01-15 13:00:00','QualifierMatch',0,NULL,23);
INSERT INTO `events` VALUES (4516,47,'2009-01-03 12:00:00','QualifyMatch',20.1445,NULL,24);
INSERT INTO `events` VALUES (4517,47,'2009-01-22 12:00:00','Qualification',32.5351,NULL,NULL);
INSERT INTO `events` VALUES (4518,12,'2009-01-03 12:00:00','QualifierMatch',0,NULL,24);
INSERT INTO `events` VALUES (4519,46,'2008-11-29 12:00:00','QualifyMatch',153.1306,NULL,25);
INSERT INTO `events` VALUES (4520,17,'2008-11-29 12:00:00','QualifierMatch',0,NULL,25);
INSERT INTO `events` VALUES (4521,46,'2008-11-22 12:00:00','QualifyMatch',61.0653,NULL,26);
INSERT INTO `events` VALUES (4522,7,'2008-11-22 12:00:00','QualifierMatch',0,NULL,26);
INSERT INTO `events` VALUES (4523,3,'2008-11-08 12:00:00','QualifyMatch',159.5174,NULL,27);
INSERT INTO `events` VALUES (4524,17,'2008-11-08 12:00:00','QualifierMatch',0,NULL,27);
INSERT INTO `events` VALUES (4525,5,'2008-11-08 13:00:00','QualifyMatch',102.8156,NULL,28);
INSERT INTO `events` VALUES (4526,1,'2008-11-08 13:00:00','QualifierMatch',0,NULL,28);
INSERT INTO `events` VALUES (4527,3,'2008-11-08 14:00:00','QualifyMatch',61.8752,NULL,29);
INSERT INTO `events` VALUES (4528,12,'2008-11-08 14:00:00','QualifierMatch',0,NULL,29);
INSERT INTO `events` VALUES (4529,5,'2008-11-05 12:00:00','QualifyMatch',49.0989,NULL,30);
INSERT INTO `events` VALUES (4530,2,'2008-11-05 12:00:00','QualifierMatch',0,NULL,30);
INSERT INTO `events` VALUES (4531,3,'2008-11-01 12:00:00','QualifyMatch',196.819,NULL,31);
INSERT INTO `events` VALUES (4532,14,'2008-11-01 12:00:00','QualifierMatch',0,NULL,31);
INSERT INTO `events` VALUES (4533,5,'2008-11-01 13:00:00','QualifyMatch',353.443,NULL,32);
INSERT INTO `events` VALUES (4534,4,'2008-11-01 13:00:00','QualifierMatch',0,NULL,32);
INSERT INTO `events` VALUES (4535,5,'2008-11-01 14:00:00','QualifyMatch',196.819,NULL,33);
INSERT INTO `events` VALUES (4536,5,'2008-11-08 13:00:00','Qualification',116.2445,NULL,NULL);
INSERT INTO `events` VALUES (4537,14,'2008-11-01 14:00:00','QualifierMatch',0,NULL,33);
INSERT INTO `events` VALUES (4538,3,'2008-11-01 15:00:00','QualifyMatch',107.5736,NULL,34);
INSERT INTO `events` VALUES (4539,3,'2008-11-08 14:00:00','Qualification',109.6554,NULL,NULL);
INSERT INTO `events` VALUES (4540,29,'2008-11-01 15:00:00','QualifierMatch',0,NULL,34);
INSERT INTO `events` VALUES (4541,10,'2008-10-25 12:00:00','QualifyMatch',109.7548,NULL,35);
INSERT INTO `events` VALUES (4542,7,'2008-10-25 12:00:00','QualifierMatch',0,NULL,35);
INSERT INTO `events` VALUES (4543,10,'2008-10-18 12:00:00','QualifyMatch',13.6059,NULL,36);
INSERT INTO `events` VALUES (4544,29,'2008-10-18 12:00:00','QualifierMatch',0,NULL,36);
INSERT INTO `events` VALUES (4545,10,'2008-10-16 12:00:00','QualifyMatch',86.0286,NULL,37);
INSERT INTO `events` VALUES (4546,9,'2008-10-16 12:00:00','QualifierMatch',0,NULL,37);
INSERT INTO `events` VALUES (4547,10,'2008-10-11 12:00:00','QualifyMatch',38.07,NULL,38);
INSERT INTO `events` VALUES (4548,10,'2008-10-25 12:00:00','Qualification',45.9015,NULL,NULL);
INSERT INTO `events` VALUES (4549,15,'2008-10-11 12:00:00','QualifierMatch',0,NULL,38);
INSERT INTO `events` VALUES (4550,29,'2008-09-20 12:00:00','QualifyMatch',8.4551,NULL,39);
INSERT INTO `events` VALUES (4551,6,'2008-09-20 12:00:00','QualifierMatch',0,NULL,39);
INSERT INTO `events` VALUES (4552,29,'2008-08-30 12:00:00','QualifyMatch',16.6736,NULL,40);
INSERT INTO `events` VALUES (4553,11,'2008-08-30 12:00:00','QualifierMatch',0,NULL,40);
INSERT INTO `events` VALUES (4554,29,'2008-08-30 13:00:00','QualifyMatch',27.6547,NULL,41);
INSERT INTO `events` VALUES (4555,12,'2008-08-30 13:00:00','QualifierMatch',0,NULL,41);
INSERT INTO `events` VALUES (4556,29,'2008-08-23 12:00:00','QualifyMatch',7.5253,NULL,42);
INSERT INTO `events` VALUES (4557,29,'2008-09-20 12:00:00','Qualification',10.8847,NULL,NULL);
INSERT INTO `events` VALUES (4558,1,'2008-08-23 12:00:00','QualifierMatch',0,NULL,42);
INSERT INTO `events` VALUES (4559,13,'2008-07-11 12:00:00','QualifyMatch',44.0835,NULL,43);
INSERT INTO `events` VALUES (4560,14,'2008-07-11 12:00:00','QualifierMatch',0,NULL,43);
INSERT INTO `events` VALUES (4561,13,'2008-07-06 12:00:00','QualifyMatch',16.6392,NULL,44);
INSERT INTO `events` VALUES (4562,4,'2008-07-06 12:00:00','QualifierMatch',0,NULL,44);
INSERT INTO `events` VALUES (4563,13,'2008-07-06 13:00:00','QualifyMatch',60.7216,NULL,45);
INSERT INTO `events` VALUES (4564,12,'2008-07-06 13:00:00','QualifierMatch',0,NULL,45);
INSERT INTO `events` VALUES (4565,13,'2008-06-22 12:00:00','QualifyMatch',19.2593,NULL,46);
INSERT INTO `events` VALUES (4566,13,'2008-07-11 12:00:00','Qualification',26.6607,NULL,NULL);
INSERT INTO `events` VALUES (4567,17,'2008-06-22 12:00:00','QualifierMatch',0,NULL,46);
INSERT INTO `events` VALUES (4568,11,'2008-06-21 12:00:00','QualifyMatch',82.0365,NULL,47);
INSERT INTO `events` VALUES (4569,6,'2008-06-21 12:00:00','QualifierMatch',0,NULL,47);
INSERT INTO `events` VALUES (4570,22,'2008-06-15 12:00:00','QualifyMatch',88.5523,NULL,48);
INSERT INTO `events` VALUES (4571,12,'2008-06-15 12:00:00','QualifierMatch',0,NULL,48);
INSERT INTO `events` VALUES (4572,11,'2008-06-01 12:00:00','QualifyMatch',63.2516,NULL,49);
INSERT INTO `events` VALUES (4573,12,'2008-06-01 12:00:00','QualifierMatch',0,NULL,49);
INSERT INTO `events` VALUES (4574,11,'2008-06-01 13:00:00','QualifyMatch',57.1744,NULL,50);
INSERT INTO `events` VALUES (4575,15,'2008-06-01 13:00:00','QualifierMatch',0,NULL,50);
INSERT INTO `events` VALUES (4576,17,'2008-05-03 12:00:00','QualifyMatch',11.703,NULL,51);
INSERT INTO `events` VALUES (4577,16,'2008-05-03 12:00:00','QualifierMatch',0,NULL,51);
INSERT INTO `events` VALUES (4578,17,'2008-05-03 13:00:00','QualifyMatch',17.5676,NULL,52);
INSERT INTO `events` VALUES (4579,6,'2008-05-03 13:00:00','QualifierMatch',0,NULL,52);
INSERT INTO `events` VALUES (4580,11,'2008-04-26 12:00:00','QualifyMatch',184.1035,NULL,53);
INSERT INTO `events` VALUES (4581,11,'2008-06-21 12:00:00','Qualification',67.4875,NULL,NULL);
INSERT INTO `events` VALUES (4582,7,'2008-04-26 12:00:00','QualifierMatch',0,NULL,53);
INSERT INTO `events` VALUES (4583,17,'2008-04-06 12:00:00','QualifyMatch',8.8621,NULL,54);
INSERT INTO `events` VALUES (4584,12,'2008-04-06 12:00:00','QualifierMatch',0,NULL,54);
INSERT INTO `events` VALUES (4585,16,'2007-10-27 12:00:00','QualifyMatch',52.291,NULL,55);
INSERT INTO `events` VALUES (4586,20,'2007-10-27 12:00:00','QualifierMatch',0,NULL,55);
INSERT INTO `events` VALUES (4587,16,'2007-09-29 12:00:00','QualifyMatch',35.4482,NULL,56);
INSERT INTO `events` VALUES (4588,12,'2007-09-29 12:00:00','QualifierMatch',0,NULL,56);
INSERT INTO `events` VALUES (4589,16,'2007-09-22 12:00:00','QualifyMatch',27.5664,NULL,57);
INSERT INTO `events` VALUES (4590,4,'2007-09-22 12:00:00','QualifierMatch',0,NULL,57);
INSERT INTO `events` VALUES (4591,17,'2007-09-20 12:00:00','QualifyMatch',57.2487,NULL,58);
INSERT INTO `events` VALUES (4592,17,'2008-05-03 13:00:00','Qualification',12.7109,NULL,NULL);
INSERT INTO `events` VALUES (4593,7,'2007-09-20 12:00:00','QualifierMatch',0,NULL,58);
INSERT INTO `events` VALUES (4594,16,'2007-09-08 12:00:00','QualifyMatch',53.9096,NULL,59);
INSERT INTO `events` VALUES (4595,16,'2007-10-27 12:00:00','Qualification',38.4352,NULL,NULL);
INSERT INTO `events` VALUES (4596,6,'2007-09-08 12:00:00','QualifierMatch',0,NULL,59);
INSERT INTO `events` VALUES (4597,49,'2009-05-10 12:00:00','Match',-6.878,NULL,60);
INSERT INTO `events` VALUES (4598,50,'2009-05-10 12:00:00','Match',6.878,NULL,60);
INSERT INTO `events` VALUES (4599,12,'2009-05-09 12:00:00','Match',4.5451,NULL,61);
INSERT INTO `events` VALUES (4600,17,'2009-05-09 12:00:00','Match',-4.5451,NULL,61);
INSERT INTO `events` VALUES (4601,12,'2009-05-09 13:00:00','Match',-0.1861,NULL,62);
INSERT INTO `events` VALUES (4602,8,'2009-05-09 13:00:00','Match',0.1861,NULL,62);
INSERT INTO `events` VALUES (4603,49,'2009-05-08 12:00:00','Match',-1.7574,NULL,63);
INSERT INTO `events` VALUES (4604,50,'2009-05-08 12:00:00','Match',1.7574,NULL,63);
INSERT INTO `events` VALUES (4605,17,'2009-05-07 12:00:00','Match',4.2666,NULL,64);
INSERT INTO `events` VALUES (4606,1,'2009-05-07 12:00:00','Match',-4.2666,NULL,64);
INSERT INTO `events` VALUES (4607,17,'2009-05-07 13:00:00','Match',11.0073,NULL,65);
INSERT INTO `events` VALUES (4608,8,'2009-05-07 13:00:00','Match',-11.0073,NULL,65);
INSERT INTO `events` VALUES (4609,6,'2009-05-06 12:00:00','Match',-4.4803,NULL,66);
INSERT INTO `events` VALUES (4610,50,'2009-05-06 12:00:00','Match',4.4803,NULL,66);
INSERT INTO `events` VALUES (4611,17,'2009-05-06 13:00:00','Match',5.3368,NULL,67);
INSERT INTO `events` VALUES (4612,49,'2009-05-06 13:00:00','Match',-5.3368,NULL,67);
INSERT INTO `events` VALUES (4613,17,'2009-05-05 12:00:00','Match',-3.0859,NULL,68);
INSERT INTO `events` VALUES (4614,4,'2009-05-05 12:00:00','Match',3.0859,NULL,68);
INSERT INTO `events` VALUES (4615,12,'2009-05-02 12:00:00','Match',7.8405,NULL,69);
INSERT INTO `events` VALUES (4616,2,'2009-05-02 12:00:00','Match',-7.8405,NULL,69);
INSERT INTO `events` VALUES (4617,50,'2009-05-01 12:00:00','Match',8.2505,NULL,70);
INSERT INTO `events` VALUES (4618,51,'2009-05-01 12:00:00','Match',-8.2505,NULL,70);
INSERT INTO `events` VALUES (4619,8,'2009-04-30 12:00:00','Match',2.9397,NULL,71);
INSERT INTO `events` VALUES (4620,14,'2009-04-30 12:00:00','Match',-2.9397,NULL,71);
INSERT INTO `events` VALUES (4621,49,'2009-04-28 12:00:00','Match',6.9422,NULL,72);
INSERT INTO `events` VALUES (4622,14,'2009-04-28 12:00:00','Match',-6.9422,NULL,72);
INSERT INTO `events` VALUES (4623,50,'2009-04-26 12:00:00','Match',-1.9133,NULL,73);
INSERT INTO `events` VALUES (4624,49,'2009-04-26 12:00:00','Match',1.9133,NULL,73);
INSERT INTO `events` VALUES (4625,50,'2009-04-26 13:00:00','Match',-9.1738,NULL,74);
INSERT INTO `events` VALUES (4626,1,'2009-04-26 13:00:00','Match',9.1738,NULL,74);
INSERT INTO `events` VALUES (4627,29,'2009-04-25 12:00:00','Match',4.2897,NULL,75);
INSERT INTO `events` VALUES (4628,15,'2009-04-25 12:00:00','Match',-4.2897,NULL,75);
INSERT INTO `events` VALUES (4629,1,'2009-04-25 13:00:00','Match',-2.6821,NULL,76);
INSERT INTO `events` VALUES (4630,2,'2009-04-25 13:00:00','Match',2.6821,NULL,76);
INSERT INTO `events` VALUES (4631,6,'2009-04-25 14:00:00','Match',1.0333,NULL,77);
INSERT INTO `events` VALUES (4632,12,'2009-04-25 14:00:00','Match',-1.0333,NULL,77);
INSERT INTO `events` VALUES (4633,2,'2009-04-25 15:00:00','Match',-2.4222,NULL,78);
INSERT INTO `events` VALUES (4634,12,'2009-04-25 15:00:00','Match',2.4222,NULL,78);
INSERT INTO `events` VALUES (4635,14,'2009-04-24 12:00:00','Match',3.1407,NULL,79);
INSERT INTO `events` VALUES (4636,50,'2009-04-24 12:00:00','Match',-3.1407,NULL,79);
INSERT INTO `events` VALUES (4637,2,'2009-04-23 12:00:00','Match',23.185,NULL,80);
INSERT INTO `events` VALUES (4638,1,'2009-04-23 12:00:00','Match',-23.185,NULL,80);
INSERT INTO `events` VALUES (4639,1,'2009-04-22 12:00:00','Match',-4.0804,NULL,81);
INSERT INTO `events` VALUES (4640,17,'2009-04-22 12:00:00','Match',4.0804,NULL,81);
INSERT INTO `events` VALUES (4641,51,'2009-04-21 12:00:00','Match',-0.3119,NULL,82);
INSERT INTO `events` VALUES (4642,50,'2009-04-21 12:00:00','Match',0.3119,NULL,82);
INSERT INTO `events` VALUES (4643,2,'2009-04-21 13:00:00','Match',-1.7791,NULL,83);
INSERT INTO `events` VALUES (4644,22,'2009-04-21 13:00:00','Match',1.7791,NULL,83);
INSERT INTO `events` VALUES (4645,17,'2009-04-20 12:00:00','Match',-0.9138,NULL,84);
INSERT INTO `events` VALUES (4646,4,'2009-04-20 12:00:00','Match',0.9138,NULL,84);
INSERT INTO `events` VALUES (4647,50,'2009-04-19 12:00:00','Match',-2.3372,NULL,85);
INSERT INTO `events` VALUES (4648,49,'2009-04-19 12:00:00','Match',2.3372,NULL,85);
INSERT INTO `events` VALUES (4649,11,'2009-04-18 12:00:00','Match',42.2158,NULL,86);
INSERT INTO `events` VALUES (4650,2,'2009-04-18 12:00:00','Match',-42.2158,NULL,86);
INSERT INTO `events` VALUES (4651,17,'2009-04-18 13:00:00','Match',-21.264,NULL,87);
INSERT INTO `events` VALUES (4652,5,'2009-04-18 13:00:00','Match',21.264,NULL,87);
INSERT INTO `events` VALUES (4653,17,'2009-04-16 12:00:00','Match',12.5105,NULL,88);
INSERT INTO `events` VALUES (4654,11,'2009-04-16 12:00:00','Match',-12.5105,NULL,88);
INSERT INTO `events` VALUES (4655,17,'2009-04-14 12:00:00','Match',-24.6888,NULL,89);
INSERT INTO `events` VALUES (4656,13,'2009-04-14 12:00:00','Match',24.6888,NULL,89);
INSERT INTO `events` VALUES (4657,2,'2009-04-12 12:00:00','Match',-11.1802,NULL,90);
INSERT INTO `events` VALUES (4658,1,'2009-04-12 12:00:00','Match',11.1802,NULL,90);
INSERT INTO `events` VALUES (4659,11,'2009-04-11 12:00:00','Match',-12.2963,NULL,91);
INSERT INTO `events` VALUES (4660,12,'2009-04-11 12:00:00','Match',12.2963,NULL,91);
INSERT INTO `events` VALUES (4661,15,'2009-04-10 12:00:00','Match',3.8518,NULL,92);
INSERT INTO `events` VALUES (4662,14,'2009-04-10 12:00:00','Match',-3.8518,NULL,92);
INSERT INTO `events` VALUES (4663,2,'2009-04-08 12:00:00','Match',-4.3103,NULL,93);
INSERT INTO `events` VALUES (4664,17,'2009-04-08 12:00:00','Match',4.3103,NULL,93);
INSERT INTO `events` VALUES (4665,6,'2009-04-08 13:00:00','Match',-7.0332,NULL,94);
INSERT INTO `events` VALUES (4666,14,'2009-04-08 13:00:00','Match',7.0332,NULL,94);
INSERT INTO `events` VALUES (4667,49,'2009-04-08 14:00:00','Match',4.4367,NULL,95);
INSERT INTO `events` VALUES (4668,50,'2009-04-08 14:00:00','Match',-4.4367,NULL,95);
INSERT INTO `events` VALUES (4669,17,'2009-04-07 12:00:00','Match',8.1815,NULL,96);
INSERT INTO `events` VALUES (4670,4,'2009-04-07 12:00:00','Match',-8.1815,NULL,96);
INSERT INTO `events` VALUES (4671,11,'2009-04-07 13:00:00','Match',-1.7041,NULL,97);
INSERT INTO `events` VALUES (4672,13,'2009-04-07 13:00:00','Match',1.7041,NULL,97);
INSERT INTO `events` VALUES (4673,17,'2009-04-04 12:00:00','Match',3.8542,NULL,98);
INSERT INTO `events` VALUES (4674,11,'2009-04-04 12:00:00','Match',-3.8542,NULL,98);
INSERT INTO `events` VALUES (4675,11,'2009-04-02 12:00:00','Match',-0.3162,NULL,99);
INSERT INTO `events` VALUES (4676,15,'2009-04-02 12:00:00','Match',0.3162,NULL,99);
INSERT INTO `events` VALUES (4677,6,'2009-04-02 13:00:00','Match',15.6248,NULL,100);
INSERT INTO `events` VALUES (4678,17,'2009-04-02 13:00:00','Match',-15.6248,NULL,100);
INSERT INTO `events` VALUES (4679,50,'2009-04-02 14:00:00','Match',-0.4025,NULL,101);
INSERT INTO `events` VALUES (4680,47,'2009-04-02 14:00:00','Match',0.4025,NULL,101);
INSERT INTO `events` VALUES (4681,6,'2009-04-01 12:00:00','Match',0,NULL,102);
INSERT INTO `events` VALUES (4682,6,'2009-04-01 12:00:00','Match',0,NULL,102);
INSERT INTO `events` VALUES (4683,50,'2009-03-31 12:00:00','Match',1.321,NULL,103);
INSERT INTO `events` VALUES (4684,51,'2009-03-31 12:00:00','Match',-1.321,NULL,103);
INSERT INTO `events` VALUES (4685,17,'2009-03-30 12:00:00','Match',2.2969,NULL,104);
INSERT INTO `events` VALUES (4686,13,'2009-03-30 12:00:00','Match',-2.2969,NULL,104);
INSERT INTO `events` VALUES (4687,17,'2009-03-27 12:00:00','Match',-3.908,NULL,105);
INSERT INTO `events` VALUES (4688,7,'2009-03-27 12:00:00','Match',3.908,NULL,105);
INSERT INTO `events` VALUES (4689,13,'2009-03-27 13:00:00','Match',-5.3301,NULL,106);
INSERT INTO `events` VALUES (4690,14,'2009-03-27 13:00:00','Match',5.3301,NULL,106);
INSERT INTO `events` VALUES (4691,12,'2009-03-27 14:00:00','Match',-16.8721,NULL,107);
INSERT INTO `events` VALUES (4692,13,'2009-03-27 14:00:00','Match',16.8721,NULL,107);
INSERT INTO `events` VALUES (4693,2,'2009-03-27 15:00:00','Match',-27.3489,NULL,108);
INSERT INTO `events` VALUES (4694,17,'2009-03-27 15:00:00','Match',27.3489,NULL,108);
INSERT INTO `events` VALUES (4695,50,'2009-03-27 16:00:00','Match',9.986,NULL,109);
INSERT INTO `events` VALUES (4696,49,'2009-03-27 16:00:00','Match',-9.986,NULL,109);
INSERT INTO `events` VALUES (4697,17,'2009-03-26 12:00:00','Match',-10.0059,NULL,110);
INSERT INTO `events` VALUES (4698,11,'2009-03-26 12:00:00','Match',10.0059,NULL,110);
INSERT INTO `events` VALUES (4699,47,'2009-03-24 12:00:00','Match',0.5148,NULL,111);
INSERT INTO `events` VALUES (4700,50,'2009-03-24 12:00:00','Match',-0.5148,NULL,111);
INSERT INTO `events` VALUES (4701,51,'2009-03-24 13:00:00','Match',-0.487,NULL,112);
INSERT INTO `events` VALUES (4702,50,'2009-03-24 13:00:00','Match',0.487,NULL,112);
INSERT INTO `events` VALUES (4703,17,'2009-03-24 14:00:00','Match',33.9091,NULL,113);
INSERT INTO `events` VALUES (4704,2,'2009-03-24 14:00:00','Match',-33.9091,NULL,113);
INSERT INTO `events` VALUES (4705,17,'2009-03-24 15:00:00','Match',4.4206,NULL,114);
INSERT INTO `events` VALUES (4706,51,'2009-03-24 15:00:00','Match',-4.4206,NULL,114);
INSERT INTO `events` VALUES (4707,2,'2009-03-23 12:00:00','Match',12.6629,NULL,115);
INSERT INTO `events` VALUES (4708,5,'2009-03-23 12:00:00','Match',-12.6629,NULL,115);
INSERT INTO `events` VALUES (4709,11,'2009-03-22 12:00:00','Match',-5.2001,NULL,116);
INSERT INTO `events` VALUES (4710,17,'2009-03-22 12:00:00','Match',5.2001,NULL,116);
INSERT INTO `events` VALUES (4711,16,'2009-03-21 12:00:00','Match',-5.7537,NULL,117);
INSERT INTO `events` VALUES (4712,10,'2009-03-21 12:00:00','Match',5.7537,NULL,117);
INSERT INTO `events` VALUES (4713,17,'2009-03-21 13:00:00','Match',5.0868,NULL,118);
INSERT INTO `events` VALUES (4714,16,'2009-03-21 13:00:00','Match',-5.0868,NULL,118);
INSERT INTO `events` VALUES (4715,3,'2009-03-21 14:00:00','Match',13.8179,NULL,119);
INSERT INTO `events` VALUES (4716,12,'2009-03-21 14:00:00','Match',-13.8179,NULL,119);
INSERT INTO `events` VALUES (4717,2,'2009-03-20 12:00:00','Match',32.9891,NULL,120);
INSERT INTO `events` VALUES (4718,1,'2009-03-20 12:00:00','Match',-32.9891,NULL,120);
INSERT INTO `events` VALUES (4719,2,'2009-03-20 13:00:00','Match',2.9434,NULL,121);
INSERT INTO `events` VALUES (4720,17,'2009-03-20 13:00:00','Match',-2.9434,NULL,121);
INSERT INTO `events` VALUES (4721,11,'2009-03-19 12:00:00','Match',-9.503,NULL,122);
INSERT INTO `events` VALUES (4722,17,'2009-03-19 12:00:00','Match',9.503,NULL,122);
INSERT INTO `events` VALUES (4723,49,'2009-03-18 12:00:00','Match',-4.103,NULL,123);
INSERT INTO `events` VALUES (4724,50,'2009-03-18 12:00:00','Match',4.103,NULL,123);
INSERT INTO `events` VALUES (4725,17,'2009-03-17 12:00:00','Match',4.2247,NULL,124);
INSERT INTO `events` VALUES (4726,14,'2009-03-17 12:00:00','Match',-4.2247,NULL,124);
INSERT INTO `events` VALUES (4727,17,'2009-03-13 12:00:00','Match',0.2453,NULL,125);
INSERT INTO `events` VALUES (4728,11,'2009-03-13 12:00:00','Match',-0.2453,NULL,125);
INSERT INTO `events` VALUES (4729,2,'2009-03-11 12:00:00','Match',-23.007,NULL,126);
INSERT INTO `events` VALUES (4730,1,'2009-03-11 12:00:00','Match',23.007,NULL,126);
INSERT INTO `events` VALUES (4731,50,'2009-03-10 12:00:00','Match',0.6428,NULL,127);
INSERT INTO `events` VALUES (4732,11,'2009-03-10 12:00:00','Match',-0.6428,NULL,127);
INSERT INTO `events` VALUES (4733,4,'2009-03-10 13:00:00','Match',2.7209,NULL,128);
INSERT INTO `events` VALUES (4734,17,'2009-03-10 13:00:00','Match',-2.7209,NULL,128);
INSERT INTO `events` VALUES (4735,11,'2009-03-09 12:00:00','Match',-1.9862,NULL,129);
INSERT INTO `events` VALUES (4736,50,'2009-03-09 12:00:00','Match',1.9862,NULL,129);
INSERT INTO `events` VALUES (4737,2,'2009-03-09 13:00:00','Match',-5.651,NULL,130);
INSERT INTO `events` VALUES (4738,1,'2009-03-09 13:00:00','Match',5.651,NULL,130);
INSERT INTO `events` VALUES (4739,2,'2009-03-09 14:00:00','Match',10.8512,NULL,131);
INSERT INTO `events` VALUES (4740,11,'2009-03-09 14:00:00','Match',-10.8512,NULL,131);
INSERT INTO `events` VALUES (4741,17,'2009-03-08 12:00:00','Match',8.6383,NULL,132);
INSERT INTO `events` VALUES (4742,14,'2009-03-08 12:00:00','Match',-8.6383,NULL,132);
INSERT INTO `events` VALUES (4743,1,'2009-03-08 13:00:00','Match',3.9886,NULL,133);
INSERT INTO `events` VALUES (4744,50,'2009-03-08 13:00:00','Match',-3.9886,NULL,133);
INSERT INTO `events` VALUES (4745,12,'2009-03-07 12:00:00','Match',1.0972,NULL,134);
INSERT INTO `events` VALUES (4746,17,'2009-03-07 12:00:00','Match',-1.0972,NULL,134);
INSERT INTO `events` VALUES (4747,11,'2009-03-07 13:00:00','Match',8.3559,NULL,135);
INSERT INTO `events` VALUES (4748,5,'2009-03-07 13:00:00','Match',-8.3559,NULL,135);
INSERT INTO `events` VALUES (4749,17,'2009-03-05 12:00:00','Match',0.2066,NULL,136);
INSERT INTO `events` VALUES (4750,47,'2009-03-05 12:00:00','Match',-0.2066,NULL,136);
INSERT INTO `events` VALUES (4751,4,'2009-03-05 13:00:00','Match',3.1559,NULL,137);
INSERT INTO `events` VALUES (4752,16,'2009-03-05 13:00:00','Match',-3.1559,NULL,137);
INSERT INTO `events` VALUES (4753,5,'2009-03-05 14:00:00','Match',2.9816,NULL,138);
INSERT INTO `events` VALUES (4754,50,'2009-03-05 14:00:00','Match',-2.9816,NULL,138);
INSERT INTO `events` VALUES (4755,11,'2009-03-04 12:00:00','Match',19.1745,NULL,139);
INSERT INTO `events` VALUES (4756,17,'2009-03-04 12:00:00','Match',-19.1745,NULL,139);
INSERT INTO `events` VALUES (4757,47,'2009-03-01 12:00:00','Match',-5.6307,NULL,140);
INSERT INTO `events` VALUES (4758,50,'2009-03-01 12:00:00','Match',5.6307,NULL,140);
INSERT INTO `events` VALUES (4759,17,'2009-03-01 13:00:00','Match',0.524,NULL,141);
INSERT INTO `events` VALUES (4760,14,'2009-03-01 13:00:00','Match',-0.524,NULL,141);
INSERT INTO `events` VALUES (4761,2,'2009-02-28 12:00:00','Match',4.7016,NULL,142);
INSERT INTO `events` VALUES (4762,1,'2009-02-28 12:00:00','Match',-4.7016,NULL,142);
INSERT INTO `events` VALUES (4763,6,'2009-02-28 13:00:00','Match',6.6021,NULL,143);
INSERT INTO `events` VALUES (4764,47,'2009-02-28 13:00:00','Match',-6.6021,NULL,143);
INSERT INTO `events` VALUES (4765,6,'2009-02-28 14:00:00','Match',-14.9781,NULL,144);
INSERT INTO `events` VALUES (4766,17,'2009-02-28 14:00:00','Match',14.9781,NULL,144);
INSERT INTO `events` VALUES (4767,12,'2009-02-28 15:00:00','Match',-11.7316,NULL,145);
INSERT INTO `events` VALUES (4768,47,'2009-02-28 15:00:00','Match',11.7316,NULL,145);
INSERT INTO `events` VALUES (4769,6,'2009-02-26 12:00:00','Match',13.5022,NULL,146);
INSERT INTO `events` VALUES (4770,15,'2009-02-26 12:00:00','Match',-13.5022,NULL,146);
INSERT INTO `events` VALUES (4771,51,'2009-02-26 13:00:00','Match',0.4404,NULL,147);
INSERT INTO `events` VALUES (4772,50,'2009-02-26 13:00:00','Match',-0.4404,NULL,147);
INSERT INTO `events` VALUES (4773,11,'2009-02-26 14:00:00','Match',1.2533,NULL,148);
INSERT INTO `events` VALUES (4774,14,'2009-02-26 14:00:00','Match',-1.2533,NULL,148);
INSERT INTO `events` VALUES (4775,17,'2009-02-26 15:00:00','Match',2.0863,NULL,149);
INSERT INTO `events` VALUES (4776,13,'2009-02-26 15:00:00','Match',-2.0863,NULL,149);
INSERT INTO `events` VALUES (4777,2,'2009-02-25 12:00:00','Match',0.0767,NULL,150);
INSERT INTO `events` VALUES (4778,12,'2009-02-25 12:00:00','Match',-0.0767,NULL,150);
INSERT INTO `events` VALUES (4779,11,'2009-02-24 12:00:00','Match',3.9689,NULL,151);
INSERT INTO `events` VALUES (4780,17,'2009-02-24 12:00:00','Match',-3.9689,NULL,151);
INSERT INTO `events` VALUES (4781,47,'2009-02-23 12:00:00','Match',1.4864,NULL,152);
INSERT INTO `events` VALUES (4782,49,'2009-02-23 12:00:00','Match',-1.4864,NULL,152);
INSERT INTO `events` VALUES (4783,2,'2009-02-23 13:00:00','Match',22.5477,NULL,153);
INSERT INTO `events` VALUES (4784,49,'2009-02-23 13:00:00','Match',-22.5477,NULL,153);
INSERT INTO `events` VALUES (4785,50,'2009-02-23 14:00:00','Match',3.7551,NULL,154);
INSERT INTO `events` VALUES (4786,47,'2009-02-23 14:00:00','Match',-3.7551,NULL,154);
INSERT INTO `events` VALUES (4787,17,'2009-02-22 12:00:00','Match',3.016,NULL,155);
INSERT INTO `events` VALUES (4788,47,'2009-02-22 12:00:00','Match',-3.016,NULL,155);
INSERT INTO `events` VALUES (4789,17,'2009-02-21 12:00:00','Match',0.4299,NULL,156);
INSERT INTO `events` VALUES (4790,11,'2009-02-21 12:00:00','Match',-0.4299,NULL,156);
INSERT INTO `events` VALUES (4791,2,'2009-02-21 13:00:00','Match',-14.2629,NULL,157);
INSERT INTO `events` VALUES (4792,12,'2009-02-21 13:00:00','Match',14.2629,NULL,157);
INSERT INTO `events` VALUES (4793,1,'2009-02-21 14:00:00','Match',16.9114,NULL,158);
INSERT INTO `events` VALUES (4794,49,'2009-02-21 14:00:00','Match',-16.9114,NULL,158);
INSERT INTO `events` VALUES (4795,2,'2009-02-20 12:00:00','Match',24.1805,NULL,159);
INSERT INTO `events` VALUES (4796,17,'2009-02-20 12:00:00','Match',-24.1805,NULL,159);
INSERT INTO `events` VALUES (4797,1,'2009-02-19 12:00:00','Match',-3.7328,NULL,160);
INSERT INTO `events` VALUES (4798,3,'2009-02-19 12:00:00','Match',3.7328,NULL,160);
INSERT INTO `events` VALUES (4799,11,'2009-02-19 13:00:00','Match',-18.5635,NULL,161);
INSERT INTO `events` VALUES (4800,17,'2009-02-19 13:00:00','Match',18.5635,NULL,161);
INSERT INTO `events` VALUES (4801,49,'2009-02-19 14:00:00','Match',3.5211,NULL,162);
INSERT INTO `events` VALUES (4802,10,'2009-02-19 14:00:00','Match',-3.5211,NULL,162);
INSERT INTO `events` VALUES (4803,47,'2009-02-19 15:00:00','Match',12.3312,NULL,163);
INSERT INTO `events` VALUES (4804,1,'2009-02-19 15:00:00','Match',-12.3312,NULL,163);
INSERT INTO `events` VALUES (4805,16,'2009-02-16 12:00:00','Match',-5.3296,NULL,164);
INSERT INTO `events` VALUES (4806,27,'2009-02-16 12:00:00','Match',5.3296,NULL,164);
INSERT INTO `events` VALUES (4807,17,'2009-02-12 12:00:00','Match',-5.5708,NULL,165);
INSERT INTO `events` VALUES (4808,16,'2009-02-12 12:00:00','Match',5.5708,NULL,165);
INSERT INTO `events` VALUES (4809,14,'2009-02-12 13:00:00','Match',2.6552,NULL,166);
INSERT INTO `events` VALUES (4810,16,'2009-02-12 13:00:00','Match',-2.6552,NULL,166);
INSERT INTO `events` VALUES (4811,5,'2009-02-11 12:00:00','Match',-35.4197,NULL,167);
INSERT INTO `events` VALUES (4812,1,'2009-02-11 12:00:00','Match',35.4197,NULL,167);
INSERT INTO `events` VALUES (4813,17,'2009-02-10 12:00:00','Match',6.754,NULL,168);
INSERT INTO `events` VALUES (4814,47,'2009-02-10 12:00:00','Match',-6.754,NULL,168);
INSERT INTO `events` VALUES (4815,14,'2009-02-10 13:00:00','Match',-8.4707,NULL,169);
INSERT INTO `events` VALUES (4816,15,'2009-02-10 13:00:00','Match',8.4707,NULL,169);
INSERT INTO `events` VALUES (4817,7,'2009-02-10 14:00:00','Match',-9.9551,NULL,170);
INSERT INTO `events` VALUES (4818,13,'2009-02-10 14:00:00','Match',9.9551,NULL,170);
INSERT INTO `events` VALUES (4819,4,'2009-02-08 12:00:00','Match',-8.5748,NULL,171);
INSERT INTO `events` VALUES (4820,14,'2009-02-08 12:00:00','Match',8.5748,NULL,171);
INSERT INTO `events` VALUES (4821,17,'2009-02-08 13:00:00','Match',6.3834,NULL,172);
INSERT INTO `events` VALUES (4822,11,'2009-02-08 13:00:00','Match',-6.3834,NULL,172);
INSERT INTO `events` VALUES (4823,17,'2009-02-07 12:00:00','Match',-5.0212,NULL,173);
INSERT INTO `events` VALUES (4824,15,'2009-02-07 12:00:00','Match',5.0212,NULL,173);
INSERT INTO `events` VALUES (4825,47,'2009-02-07 13:00:00','Match',4.9414,NULL,174);
INSERT INTO `events` VALUES (4826,29,'2009-02-07 13:00:00','Match',-4.9414,NULL,174);
INSERT INTO `events` VALUES (4827,11,'2009-02-05 12:00:00','Match',10.3873,NULL,175);
INSERT INTO `events` VALUES (4828,1,'2009-02-05 12:00:00','Match',-10.3873,NULL,175);
INSERT INTO `events` VALUES (4829,5,'2009-02-04 12:00:00','Match',21.3503,NULL,176);
INSERT INTO `events` VALUES (4830,3,'2009-02-04 12:00:00','Match',-21.3503,NULL,176);
INSERT INTO `events` VALUES (4831,17,'2009-02-03 12:00:00','Match',4.6264,NULL,177);
INSERT INTO `events` VALUES (4832,14,'2009-02-03 12:00:00','Match',-4.6264,NULL,177);
INSERT INTO `events` VALUES (4833,17,'2009-02-02 12:00:00','Match',3.7229,NULL,178);
INSERT INTO `events` VALUES (4834,11,'2009-02-02 12:00:00','Match',-3.7229,NULL,178);
INSERT INTO `events` VALUES (4835,4,'2009-01-31 12:00:00','Match',-13.8764,NULL,179);
INSERT INTO `events` VALUES (4836,16,'2009-01-31 12:00:00','Match',13.8764,NULL,179);
INSERT INTO `events` VALUES (4837,4,'2009-01-31 13:00:00','Match',-6.6226,NULL,180);
INSERT INTO `events` VALUES (4838,17,'2009-01-31 13:00:00','Match',6.6226,NULL,180);
INSERT INTO `events` VALUES (4839,1,'2009-01-29 12:00:00','Match',5.836,NULL,181);
INSERT INTO `events` VALUES (4840,4,'2009-01-29 12:00:00','Match',-5.836,NULL,181);
INSERT INTO `events` VALUES (4841,17,'2009-01-29 13:00:00','Match',-0.1885,NULL,182);
INSERT INTO `events` VALUES (4842,15,'2009-01-29 13:00:00','Match',0.1885,NULL,182);
INSERT INTO `events` VALUES (4843,6,'2009-01-29 14:00:00','Match',6.3482,NULL,183);
INSERT INTO `events` VALUES (4844,16,'2009-01-29 14:00:00','Match',-6.3482,NULL,183);
INSERT INTO `events` VALUES (4845,17,'2009-01-28 12:00:00','Match',7.2878,NULL,184);
INSERT INTO `events` VALUES (4846,47,'2009-01-28 12:00:00','Match',-7.2878,NULL,184);
INSERT INTO `events` VALUES (4847,11,'2009-01-27 12:00:00','Match',5.6438,NULL,185);
INSERT INTO `events` VALUES (4848,1,'2009-01-27 12:00:00','Match',-5.6438,NULL,185);
INSERT INTO `events` VALUES (4849,11,'2009-01-24 12:00:00','Match',-1.6143,NULL,186);
INSERT INTO `events` VALUES (4850,17,'2009-01-24 12:00:00','Match',1.6143,NULL,186);
INSERT INTO `events` VALUES (4851,7,'2009-01-24 13:00:00','Match',-0.8501,NULL,187);
INSERT INTO `events` VALUES (4852,17,'2009-01-24 13:00:00','Match',0.8501,NULL,187);
INSERT INTO `events` VALUES (4853,2,'2009-01-24 14:00:00','Match',6.1517,NULL,188);
INSERT INTO `events` VALUES (4854,11,'2009-01-24 14:00:00','Match',-6.1517,NULL,188);
INSERT INTO `events` VALUES (4855,6,'2009-01-22 12:00:00','Match',0.9266,NULL,189);
INSERT INTO `events` VALUES (4856,28,'2009-01-22 12:00:00','Match',-0.9266,NULL,189);
INSERT INTO `events` VALUES (4857,13,'2009-01-22 13:00:00','Match',-5.2176,NULL,190);
INSERT INTO `events` VALUES (4858,17,'2009-01-22 13:00:00','Match',5.2176,NULL,190);
INSERT INTO `events` VALUES (4859,1,'2009-01-22 14:00:00','Match',15.8297,NULL,191);
INSERT INTO `events` VALUES (4860,2,'2009-01-22 14:00:00','Match',-15.8297,NULL,191);
INSERT INTO `events` VALUES (4861,2,'2009-01-22 15:00:00','Match',8.5444,NULL,192);
INSERT INTO `events` VALUES (4862,15,'2009-01-22 15:00:00','Match',-8.5444,NULL,192);
INSERT INTO `events` VALUES (4863,2,'2009-01-20 12:00:00','Match',12.75,NULL,193);
INSERT INTO `events` VALUES (4864,17,'2009-01-20 12:00:00','Match',-12.75,NULL,193);
INSERT INTO `events` VALUES (4865,15,'2009-01-20 13:00:00','Match',2.6441,NULL,194);
INSERT INTO `events` VALUES (4866,4,'2009-01-20 13:00:00','Match',-2.6441,NULL,194);
INSERT INTO `events` VALUES (4867,2,'2009-01-15 12:00:00','Match',-28.1558,NULL,195);
INSERT INTO `events` VALUES (4868,5,'2009-01-15 12:00:00','Match',28.1558,NULL,195);
INSERT INTO `events` VALUES (4869,17,'2009-01-14 12:00:00','Match',-10.0473,NULL,196);
INSERT INTO `events` VALUES (4870,11,'2009-01-14 12:00:00','Match',10.0473,NULL,196);
INSERT INTO `events` VALUES (4871,4,'2009-01-14 13:00:00','Match',8.1291,NULL,197);
INSERT INTO `events` VALUES (4872,3,'2009-01-14 13:00:00','Match',-8.1291,NULL,197);
INSERT INTO `events` VALUES (4873,2,'2009-01-14 14:00:00','Match',-10.9202,NULL,198);
INSERT INTO `events` VALUES (4874,1,'2009-01-14 14:00:00','Match',10.9202,NULL,198);
INSERT INTO `events` VALUES (4875,5,'2009-01-10 12:00:00','Match',-14.2785,NULL,199);
INSERT INTO `events` VALUES (4876,2,'2009-01-10 12:00:00','Match',14.2785,NULL,199);
INSERT INTO `events` VALUES (4877,17,'2009-01-10 13:00:00','Match',-4.8212,NULL,200);
INSERT INTO `events` VALUES (4878,16,'2009-01-10 13:00:00','Match',4.8212,NULL,200);
INSERT INTO `events` VALUES (4879,17,'2009-01-10 14:00:00','Match',-11.5699,NULL,201);
INSERT INTO `events` VALUES (4880,12,'2009-01-10 14:00:00','Match',11.5699,NULL,201);
INSERT INTO `events` VALUES (4881,6,'2009-01-10 15:00:00','Match',0.2844,NULL,202);
INSERT INTO `events` VALUES (4882,16,'2009-01-10 15:00:00','Match',-0.2844,NULL,202);
INSERT INTO `events` VALUES (4883,17,'2009-01-05 12:00:00','Match',5.1023,NULL,203);
INSERT INTO `events` VALUES (4884,11,'2009-01-05 12:00:00','Match',-5.1023,NULL,203);
INSERT INTO `events` VALUES (4885,14,'2009-01-04 12:00:00','Match',-2.8901,NULL,204);
INSERT INTO `events` VALUES (4886,11,'2009-01-04 12:00:00','Match',2.8901,NULL,204);
INSERT INTO `events` VALUES (4887,1,'2009-01-03 12:00:00','Match',-22.2647,NULL,205);
INSERT INTO `events` VALUES (4888,4,'2009-01-03 12:00:00','Match',22.2647,NULL,205);
INSERT INTO `events` VALUES (4889,2,'2009-01-03 13:00:00','Match',12.0594,NULL,206);
INSERT INTO `events` VALUES (4890,6,'2009-01-03 13:00:00','Match',-12.0594,NULL,206);
INSERT INTO `events` VALUES (4891,4,'2008-12-29 12:00:00','Match',-16.5696,NULL,207);
INSERT INTO `events` VALUES (4892,17,'2008-12-29 12:00:00','Match',16.5696,NULL,207);
INSERT INTO `events` VALUES (4893,14,'2008-12-25 12:00:00','Match',7.9241,NULL,208);
INSERT INTO `events` VALUES (4894,4,'2008-12-25 12:00:00','Match',-7.9241,NULL,208);
INSERT INTO `events` VALUES (4895,17,'2008-12-23 12:00:00','Match',2.3058,NULL,209);
INSERT INTO `events` VALUES (4896,16,'2008-12-23 12:00:00','Match',-2.3058,NULL,209);
INSERT INTO `events` VALUES (4897,2,'2008-12-23 13:00:00','Match',-12.2426,NULL,210);
INSERT INTO `events` VALUES (4898,1,'2008-12-23 13:00:00','Match',12.2426,NULL,210);
INSERT INTO `events` VALUES (4899,12,'2008-12-20 12:00:00','Match',-6.8634,NULL,211);
INSERT INTO `events` VALUES (4900,11,'2008-12-20 12:00:00','Match',6.8634,NULL,211);
INSERT INTO `events` VALUES (4901,3,'2008-12-20 13:00:00','Match',-17.9755,NULL,212);
INSERT INTO `events` VALUES (4902,1,'2008-12-20 13:00:00','Match',17.9755,NULL,212);
INSERT INTO `events` VALUES (4903,5,'2008-12-20 14:00:00','Match',15.8226,NULL,213);
INSERT INTO `events` VALUES (4904,2,'2008-12-20 14:00:00','Match',-15.8226,NULL,213);
INSERT INTO `events` VALUES (4905,5,'2008-12-20 15:00:00','Match',-9.0792,NULL,214);
INSERT INTO `events` VALUES (4906,3,'2008-12-20 15:00:00','Match',9.0792,NULL,214);
INSERT INTO `events` VALUES (4907,17,'2008-12-16 12:00:00','Match',-5.6009,NULL,215);
INSERT INTO `events` VALUES (4908,11,'2008-12-16 12:00:00','Match',5.6009,NULL,215);
INSERT INTO `events` VALUES (4909,17,'2008-12-16 13:00:00','Match',1.7445,NULL,216);
INSERT INTO `events` VALUES (4910,14,'2008-12-16 13:00:00','Match',-1.7445,NULL,216);
INSERT INTO `events` VALUES (4911,14,'2008-12-11 12:00:00','Match',2.2742,NULL,217);
INSERT INTO `events` VALUES (4912,29,'2008-12-11 12:00:00','Match',-2.2742,NULL,217);
INSERT INTO `events` VALUES (4913,1,'2008-12-11 13:00:00','Match',-6.3481,NULL,218);
INSERT INTO `events` VALUES (4914,2,'2008-12-11 13:00:00','Match',6.3481,NULL,218);
INSERT INTO `events` VALUES (4915,14,'2008-12-10 12:00:00','Match',-6.3992,NULL,219);
INSERT INTO `events` VALUES (4916,13,'2008-12-10 12:00:00','Match',6.3992,NULL,219);
INSERT INTO `events` VALUES (4917,17,'2008-12-10 13:00:00','Match',-12.9708,NULL,220);
INSERT INTO `events` VALUES (4918,1,'2008-12-10 13:00:00','Match',12.9708,NULL,220);
INSERT INTO `events` VALUES (4919,17,'2008-12-07 12:00:00','Match',14.0296,NULL,221);
INSERT INTO `events` VALUES (4920,14,'2008-12-07 12:00:00','Match',-14.0296,NULL,221);
INSERT INTO `events` VALUES (4921,2,'2008-12-07 13:00:00','Match',-21.6395,NULL,222);
INSERT INTO `events` VALUES (4922,5,'2008-12-07 13:00:00','Match',21.6395,NULL,222);
INSERT INTO `events` VALUES (4923,2,'2008-12-06 12:00:00','Match',-13.8343,NULL,223);
INSERT INTO `events` VALUES (4924,4,'2008-12-06 12:00:00','Match',13.8343,NULL,223);
INSERT INTO `events` VALUES (4925,1,'2008-12-06 13:00:00','Match',-12.2826,NULL,224);
INSERT INTO `events` VALUES (4926,5,'2008-12-06 13:00:00','Match',12.2826,NULL,224);
INSERT INTO `events` VALUES (4927,6,'2008-12-06 14:00:00','Match',-16.7932,NULL,225);
INSERT INTO `events` VALUES (4928,5,'2008-12-06 14:00:00','Match',16.7932,NULL,225);
INSERT INTO `events` VALUES (4929,9,'2008-12-06 15:00:00','Match',-6.8309,NULL,226);
INSERT INTO `events` VALUES (4930,2,'2008-12-06 15:00:00','Match',3.0558,NULL,226);
INSERT INTO `events` VALUES (4931,9,'2008-12-04 12:00:00','Match',-6.8309,NULL,227);
INSERT INTO `events` VALUES (4932,11,'2008-12-04 12:00:00','Match',6.8309,NULL,227);
INSERT INTO `events` VALUES (4933,10,'2008-12-04 13:00:00','Match',-0.3203,NULL,228);
INSERT INTO `events` VALUES (4934,30,'2008-12-04 13:00:00','Match',0.3203,NULL,228);
INSERT INTO `events` VALUES (4935,1,'2008-12-04 14:00:00','Match',-33.514,NULL,229);
INSERT INTO `events` VALUES (4936,2,'2008-12-04 14:00:00','Match',33.514,NULL,229);
INSERT INTO `events` VALUES (4937,16,'2008-12-04 15:00:00','Match',-6.2278,NULL,230);
INSERT INTO `events` VALUES (4938,14,'2008-12-04 15:00:00','Match',6.2278,NULL,230);
INSERT INTO `events` VALUES (4939,17,'2008-12-03 12:00:00','Match',-3.7166,NULL,231);
INSERT INTO `events` VALUES (4940,11,'2008-12-03 12:00:00','Match',3.7166,NULL,231);
INSERT INTO `events` VALUES (4941,1,'2008-12-02 12:00:00','Match',-5.9537,NULL,232);
INSERT INTO `events` VALUES (4942,22,'2008-12-02 12:00:00','Match',5.9537,NULL,232);
INSERT INTO `events` VALUES (4943,3,'2008-12-02 13:00:00','Match',15.4305,NULL,233);
INSERT INTO `events` VALUES (4944,10,'2008-12-02 13:00:00','Match',-15.4305,NULL,233);
INSERT INTO `events` VALUES (4945,9,'2008-11-29 12:00:00','Match',5.4734,NULL,234);
INSERT INTO `events` VALUES (4946,10,'2008-11-29 12:00:00','Match',-5.4734,NULL,234);
INSERT INTO `events` VALUES (4947,2,'2008-11-29 13:00:00','Match',-7.7079,NULL,235);
INSERT INTO `events` VALUES (4948,5,'2008-11-29 13:00:00','Match',7.7079,NULL,235);
INSERT INTO `events` VALUES (4949,2,'2008-11-27 12:00:00','Match',2.051,NULL,236);
INSERT INTO `events` VALUES (4950,15,'2008-11-27 12:00:00','Match',-2.051,NULL,236);
INSERT INTO `events` VALUES (4951,3,'2008-11-25 12:00:00','Match',-5.8773,NULL,237);
INSERT INTO `events` VALUES (4952,5,'2008-11-25 12:00:00','Match',5.8773,NULL,237);
INSERT INTO `events` VALUES (4953,13,'2008-11-24 12:00:00','Match',-3.869,NULL,238);
INSERT INTO `events` VALUES (4954,7,'2008-11-24 12:00:00','Match',3.869,NULL,238);
INSERT INTO `events` VALUES (4955,29,'2008-11-22 12:00:00','Match',4.7737,NULL,239);
INSERT INTO `events` VALUES (4956,17,'2008-11-22 12:00:00','Match',-4.7737,NULL,239);
INSERT INTO `events` VALUES (4957,12,'2008-11-22 13:00:00','Match',11.0436,NULL,240);
INSERT INTO `events` VALUES (4958,3,'2008-11-22 13:00:00','Match',-11.0436,NULL,240);
INSERT INTO `events` VALUES (4959,17,'2008-11-22 14:00:00','Match',-1.4527,NULL,241);
INSERT INTO `events` VALUES (4960,5,'2008-11-22 14:00:00','Match',1.4527,NULL,241);
INSERT INTO `events` VALUES (4961,12,'2008-11-22 15:00:00','Match',6.2839,NULL,242);
INSERT INTO `events` VALUES (4962,5,'2008-11-22 15:00:00','Match',-6.2839,NULL,242);
INSERT INTO `events` VALUES (4963,6,'2008-11-22 16:00:00','Match',0.2377,NULL,243);
INSERT INTO `events` VALUES (4964,17,'2008-11-22 16:00:00','Match',-0.2377,NULL,243);
INSERT INTO `events` VALUES (4965,6,'2008-11-20 12:00:00','Match',3.8878,NULL,244);
INSERT INTO `events` VALUES (4966,16,'2008-11-20 12:00:00','Match',-3.8878,NULL,244);
INSERT INTO `events` VALUES (4967,2,'2008-11-20 13:00:00','Match',2.1996,NULL,245);
INSERT INTO `events` VALUES (4968,15,'2008-11-20 13:00:00','Match',-2.1996,NULL,245);
INSERT INTO `events` VALUES (4969,22,'2008-11-19 12:00:00','Match',-0.0546,NULL,246);
INSERT INTO `events` VALUES (4970,17,'2008-11-19 12:00:00','Match',0.0546,NULL,246);
INSERT INTO `events` VALUES (4971,7,'2008-11-19 13:00:00','Match',-0.8782,NULL,247);
INSERT INTO `events` VALUES (4972,5,'2008-11-19 13:00:00','Match',0.8782,NULL,247);
INSERT INTO `events` VALUES (4973,22,'2008-11-19 14:00:00','Match',6.3121,NULL,248);
INSERT INTO `events` VALUES (4974,5,'2008-11-19 14:00:00','Match',-6.3121,NULL,248);
INSERT INTO `events` VALUES (4975,10,'2008-11-15 12:00:00','Match',-2.6128,NULL,249);
INSERT INTO `events` VALUES (4976,29,'2008-11-15 12:00:00','Match',2.6128,NULL,249);
INSERT INTO `events` VALUES (4977,1,'2008-11-15 13:00:00','Match',15.454,NULL,250);
INSERT INTO `events` VALUES (4978,15,'2008-11-15 13:00:00','Match',-15.454,NULL,250);
INSERT INTO `events` VALUES (4979,12,'2008-11-15 14:00:00','Match',-19.999,NULL,251);
INSERT INTO `events` VALUES (4980,2,'2008-11-15 14:00:00','Match',19.999,NULL,251);
INSERT INTO `events` VALUES (4981,12,'2008-11-15 15:00:00','Match',2.6967,NULL,252);
INSERT INTO `events` VALUES (4982,7,'2008-11-15 15:00:00','Match',-2.6967,NULL,252);
INSERT INTO `events` VALUES (4983,5,'2008-11-15 16:00:00','Match',0.1348,NULL,253);
INSERT INTO `events` VALUES (4984,2,'2008-11-15 16:00:00','Match',-0.1348,NULL,253);
INSERT INTO `events` VALUES (4985,5,'2008-11-15 17:00:00','Match',-8.8629,NULL,254);
INSERT INTO `events` VALUES (4986,3,'2008-11-15 17:00:00','Match',8.8629,NULL,254);
INSERT INTO `events` VALUES (4987,1,'2008-11-13 12:00:00','Match',12.5912,NULL,255);
INSERT INTO `events` VALUES (4988,29,'2008-11-13 12:00:00','Match',-12.5912,NULL,255);
INSERT INTO `events` VALUES (4989,6,'2008-11-12 12:00:00','Match',12.0318,NULL,256);
INSERT INTO `events` VALUES (4990,5,'2008-11-12 12:00:00','Match',-12.0318,NULL,256);
INSERT INTO `events` VALUES (4991,17,'2008-11-08 12:00:00','Match',4.5847,NULL,257);
INSERT INTO `events` VALUES (4992,1,'2008-11-08 12:00:00','Match',-4.5847,NULL,257);
INSERT INTO `events` VALUES (4993,11,'2008-11-08 13:00:00','Match',-13.7266,NULL,258);
INSERT INTO `events` VALUES (4994,1,'2008-11-08 13:00:00','Match',13.7266,NULL,258);
INSERT INTO `events` VALUES (4995,2,'2008-11-08 14:00:00','Match',22.1163,NULL,259);
INSERT INTO `events` VALUES (4996,6,'2008-11-08 14:00:00','Match',-22.1163,NULL,259);
INSERT INTO `events` VALUES (4997,1,'2008-11-01 12:00:00','Match',-5.2765,NULL,260);
INSERT INTO `events` VALUES (4998,2,'2008-11-01 12:00:00','Match',5.2765,NULL,260);
INSERT INTO `events` VALUES (4999,1,'2008-10-30 12:00:00','Match',10.1465,NULL,261);
INSERT INTO `events` VALUES (5000,16,'2008-10-30 12:00:00','Match',-10.1465,NULL,261);
INSERT INTO `events` VALUES (5001,1,'2008-10-24 12:00:00','Match',-1.2646,NULL,262);
INSERT INTO `events` VALUES (5002,4,'2008-10-24 12:00:00','Match',1.2646,NULL,262);
INSERT INTO `events` VALUES (5003,12,'2008-10-18 12:00:00','Match',9.727,NULL,263);
INSERT INTO `events` VALUES (5004,1,'2008-10-18 12:00:00','Match',-9.727,NULL,263);
INSERT INTO `events` VALUES (5005,6,'2008-10-16 12:00:00','Match',-14.1552,NULL,264);
INSERT INTO `events` VALUES (5006,1,'2008-10-16 12:00:00','Match',14.1552,NULL,264);
INSERT INTO `events` VALUES (5007,2,'2008-10-11 12:00:00','Match',5.7599,NULL,265);
INSERT INTO `events` VALUES (5008,1,'2008-10-11 12:00:00','Match',-5.7599,NULL,265);
INSERT INTO `events` VALUES (5009,16,'2008-09-27 12:00:00','Match',-3.4846,NULL,266);
INSERT INTO `events` VALUES (5010,6,'2008-09-27 12:00:00','Match',3.4846,NULL,266);
INSERT INTO `events` VALUES (5011,15,'2008-09-20 12:00:00','Match',7.7497,NULL,267);
INSERT INTO `events` VALUES (5012,12,'2008-09-20 12:00:00','Match',-7.7497,NULL,267);
INSERT INTO `events` VALUES (5013,6,'2008-09-06 12:00:00','Match',4.5246,NULL,268);
INSERT INTO `events` VALUES (5014,17,'2008-09-06 12:00:00','Match',-4.5246,NULL,268);
INSERT INTO `events` VALUES (5015,1,'2008-09-03 12:00:00','Match',7.6473,NULL,269);
INSERT INTO `events` VALUES (5016,11,'2008-09-03 12:00:00','Match',-7.6473,NULL,269);
INSERT INTO `events` VALUES (5017,17,'2008-08-30 12:00:00','Match',6.4926,NULL,270);
INSERT INTO `events` VALUES (5018,15,'2008-08-30 12:00:00','Match',-6.4926,NULL,270);
INSERT INTO `events` VALUES (5019,17,'2008-08-30 13:00:00','Match',1.7445,NULL,271);
INSERT INTO `events` VALUES (5020,14,'2008-08-30 13:00:00','Match',-1.7445,NULL,271);
INSERT INTO `events` VALUES (5021,1,'2008-08-23 12:00:00','Match',7.8258,NULL,272);
INSERT INTO `events` VALUES (5022,2,'2008-08-23 12:00:00','Match',-7.8258,NULL,272);
INSERT INTO `events` VALUES (5023,11,'2008-08-23 13:00:00','Match',-0.5909,NULL,273);
INSERT INTO `events` VALUES (5024,15,'2008-08-23 13:00:00','Match',0.5909,NULL,273);
INSERT INTO `events` VALUES (5025,1,'2008-08-16 12:00:00','Match',4.1931,NULL,274);
INSERT INTO `events` VALUES (5026,12,'2008-08-16 12:00:00','Match',-4.1931,NULL,274);
INSERT INTO `events` VALUES (5027,1,'2008-08-15 12:00:00','Match',11.6096,NULL,275);
INSERT INTO `events` VALUES (5028,11,'2008-08-15 12:00:00','Match',-11.6096,NULL,275);
INSERT INTO `events` VALUES (5029,17,'2008-08-03 12:00:00','Match',2.7186,NULL,276);
INSERT INTO `events` VALUES (5030,4,'2008-08-03 12:00:00','Match',-2.7186,NULL,276);
INSERT INTO `events` VALUES (5031,17,'2008-08-02 12:00:00','Match',-3.935,NULL,277);
INSERT INTO `events` VALUES (5032,13,'2008-08-02 12:00:00','Match',3.935,NULL,277);
INSERT INTO `events` VALUES (5033,17,'2008-07-12 12:00:00','Match',-0.1311,NULL,278);
INSERT INTO `events` VALUES (5034,11,'2008-07-12 12:00:00','Match',0.1311,NULL,278);
INSERT INTO `events` VALUES (5035,6,'2008-07-05 12:00:00','Match',-4.501,NULL,279);
INSERT INTO `events` VALUES (5036,17,'2008-07-05 12:00:00','Match',4.501,NULL,279);
INSERT INTO `events` VALUES (5037,14,'2008-07-04 12:00:00','Match',-2.8193,NULL,280);
INSERT INTO `events` VALUES (5038,16,'2008-07-04 12:00:00','Match',2.8193,NULL,280);
INSERT INTO `events` VALUES (5039,1,'2008-06-22 12:00:00','Match',9.3734,NULL,281);
INSERT INTO `events` VALUES (5040,2,'2008-06-22 12:00:00','Match',-9.3734,NULL,281);
INSERT INTO `events` VALUES (5041,6,'2008-06-21 12:00:00','Match',-1.0643,NULL,282);
INSERT INTO `events` VALUES (5042,41,'2008-06-21 12:00:00','Match',1.0643,NULL,282);
INSERT INTO `events` VALUES (5043,4,'2008-06-07 12:00:00','Match',0.9499,NULL,283);
INSERT INTO `events` VALUES (5044,17,'2008-06-07 12:00:00','Match',-0.9499,NULL,283);
INSERT INTO `events` VALUES (5045,1,'2008-05-31 12:00:00','Match',-0.7979,NULL,284);
INSERT INTO `events` VALUES (5046,17,'2008-05-31 12:00:00','Match',0.7979,NULL,284);
INSERT INTO `events` VALUES (5047,6,'2008-05-10 12:00:00','Match',5.2068,NULL,285);
INSERT INTO `events` VALUES (5048,2,'2008-05-10 12:00:00','Match',-5.2068,NULL,285);
INSERT INTO `events` VALUES (5049,12,'2008-05-03 12:00:00','Match',-20.2951,NULL,286);
INSERT INTO `events` VALUES (5050,2,'2008-05-03 12:00:00','Match',20.2951,NULL,286);
INSERT INTO `events` VALUES (5051,6,'2008-04-26 12:00:00','Match',-3.0913,NULL,287);
INSERT INTO `events` VALUES (5052,1,'2008-04-26 12:00:00','Match',3.0913,NULL,287);
INSERT INTO `events` VALUES (5053,14,'2008-03-09 12:00:00','Match',3.1249,NULL,288);
INSERT INTO `events` VALUES (5054,15,'2008-03-09 12:00:00','Match',-3.1249,NULL,288);
INSERT INTO `events` VALUES (5055,6,'2008-03-09 13:00:00','Match',-2.1901,NULL,289);
INSERT INTO `events` VALUES (5056,16,'2008-03-09 13:00:00','Match',2.1901,NULL,289);
INSERT INTO `events` VALUES (5057,4,'2008-02-15 12:00:00','Match',5.3271,NULL,290);
INSERT INTO `events` VALUES (5058,14,'2008-02-15 12:00:00','Match',-5.3271,NULL,290);
INSERT INTO `events` VALUES (5059,6,'2008-02-09 12:00:00','Match',1.6955,NULL,291);
INSERT INTO `events` VALUES (5060,14,'2008-02-09 12:00:00','Match',-1.6955,NULL,291);
INSERT INTO `events` VALUES (5061,16,'2008-02-09 13:00:00','Match',-6.802,NULL,292);
INSERT INTO `events` VALUES (5062,7,'2008-02-09 13:00:00','Match',6.802,NULL,292);
INSERT INTO `events` VALUES (5063,16,'2008-02-02 12:00:00','Match',3.1725,NULL,293);
INSERT INTO `events` VALUES (5064,4,'2008-02-02 12:00:00','Match',-3.1725,NULL,293);
INSERT INTO `events` VALUES (5065,16,'2008-02-02 13:00:00','Match',1.6503,NULL,294);
INSERT INTO `events` VALUES (5066,14,'2008-02-02 13:00:00','Match',-1.6503,NULL,294);
INSERT INTO `events` VALUES (5067,6,'2007-10-27 12:00:00','Match',-2.3143,NULL,295);
INSERT INTO `events` VALUES (5068,16,'2007-10-27 12:00:00','Match',2.3143,NULL,295);

#
# Table structure for table games
#

CREATE TABLE `games` (
  `id` int(11) NOT NULL auto_increment,
  `player1_id` int(11) default NULL,
  `player2_id` int(11) default NULL,
  `result1` int(11) default NULL,
  `result2` int(11) default NULL,
  `time` datetime default NULL,
  `type` varchar(255) collate utf8_unicode_ci default NULL,
  `parent_id` int(11) default NULL,
  PRIMARY KEY  (`id`)
) ENGINE=InnoDB DEFAULT CHARSET=utf8 COLLATE=utf8_unicode_ci;

#
# Dumping data for table games
#

INSERT INTO `games` VALUES (9,5,51,6,3,'2009-02-24 12:00:00','QualifyGame',NULL);
INSERT INTO `games` VALUES (10,6,50,8,1,'2009-02-19 12:00:00','QualifyGame',NULL);
INSERT INTO `games` VALUES (11,6,51,8,1,'2009-02-19 13:00:00','QualifyGame',NULL);
INSERT INTO `games` VALUES (12,49,17,6,3,'2009-02-19 14:00:00','QualifyGame',NULL);
INSERT INTO `games` VALUES (13,49,5,3,6,'2009-02-17 12:00:00','QualifyGame',NULL);
INSERT INTO `games` VALUES (14,50,5,1,8,'2009-02-17 13:00:00','QualifyGame',NULL);
INSERT INTO `games` VALUES (15,50,4,1,8,'2009-02-17 14:00:00','QualifyGame',NULL);
INSERT INTO `games` VALUES (16,50,17,3,6,'2009-02-17 15:00:00','QualifyGame',NULL);
INSERT INTO `games` VALUES (17,49,14,6,3,'2009-02-17 16:00:00','QualifyGame',NULL);
INSERT INTO `games` VALUES (18,49,15,6,3,'2009-02-17 17:00:00','QualifyGame',NULL);
INSERT INTO `games` VALUES (19,17,51,5,4,'2009-02-16 12:00:00','QualifyGame',NULL);
INSERT INTO `games` VALUES (20,11,51,6,3,'2009-02-16 13:00:00','QualifyGame',NULL);
INSERT INTO `games` VALUES (21,47,11,3,6,'2009-01-22 12:00:00','QualifyGame',NULL);
INSERT INTO `games` VALUES (22,47,6,3,6,'2009-01-15 12:00:00','QualifyGame',NULL);
INSERT INTO `games` VALUES (23,47,14,5,4,'2009-01-15 13:00:00','QualifyGame',NULL);
INSERT INTO `games` VALUES (24,47,12,2,7,'2009-01-03 12:00:00','QualifyGame',NULL);
INSERT INTO `games` VALUES (25,46,17,7,2,'2008-11-29 12:00:00','QualifyGame',NULL);
INSERT INTO `games` VALUES (26,46,7,4,5,'2008-11-22 12:00:00','QualifyGame',NULL);
INSERT INTO `games` VALUES (27,3,17,7,2,'2008-11-08 12:00:00','QualifyGame',NULL);
INSERT INTO `games` VALUES (28,5,1,4,5,'2008-11-08 13:00:00','QualifyGame',NULL);
INSERT INTO `games` VALUES (29,3,12,4,5,'2008-11-08 14:00:00','QualifyGame',NULL);
INSERT INTO `games` VALUES (30,5,2,3,6,'2008-11-05 12:00:00','QualifyGame',NULL);
INSERT INTO `games` VALUES (31,3,14,7,2,'2008-11-01 12:00:00','QualifyGame',NULL);
INSERT INTO `games` VALUES (32,5,4,7,2,'2008-11-01 13:00:00','QualifyGame',NULL);
INSERT INTO `games` VALUES (33,5,14,7,2,'2008-11-01 14:00:00','QualifyGame',NULL);
INSERT INTO `games` VALUES (34,3,29,7,2,'2008-11-01 15:00:00','QualifyGame',NULL);
INSERT INTO `games` VALUES (35,10,7,6,3,'2008-10-25 12:00:00','QualifyGame',NULL);
INSERT INTO `games` VALUES (36,10,29,5,4,'2008-10-18 12:00:00','QualifyGame',NULL);
INSERT INTO `games` VALUES (37,10,9,6,3,'2008-10-16 12:00:00','QualifyGame',NULL);
INSERT INTO `games` VALUES (38,10,15,4,5,'2008-10-11 12:00:00','QualifyGame',NULL);
INSERT INTO `games` VALUES (39,6,29,8,1,'2008-09-20 12:00:00','QualifyGame',NULL);
INSERT INTO `games` VALUES (40,11,29,7,2,'2008-08-30 12:00:00','QualifyGame',NULL);
INSERT INTO `games` VALUES (41,12,29,7,4,'2008-08-30 13:00:00','QualifyGame',NULL);
INSERT INTO `games` VALUES (42,1,29,8,1,'2008-08-23 12:00:00','QualifyGame',NULL);
INSERT INTO `games` VALUES (43,13,14,5,4,'2008-07-11 12:00:00','QualifyGame',NULL);
INSERT INTO `games` VALUES (44,13,4,2,7,'2008-07-06 12:00:00','QualifyGame',NULL);
INSERT INTO `games` VALUES (45,13,12,6,5,'2008-07-06 13:00:00','QualifyGame',NULL);
INSERT INTO `games` VALUES (46,13,17,5,4,'2008-06-22 12:00:00','QualifyGame',NULL);
INSERT INTO `games` VALUES (47,11,6,5,4,'2008-06-21 12:00:00','QualifyGame',NULL);
INSERT INTO `games` VALUES (48,12,22,4,7,'2008-06-15 12:00:00','QualifyGame',NULL);
INSERT INTO `games` VALUES (49,11,12,5,4,'2008-06-01 12:00:00','QualifyGame',NULL);
INSERT INTO `games` VALUES (50,11,15,5,4,'2008-06-01 13:00:00','QualifyGame',NULL);
INSERT INTO `games` VALUES (51,17,16,2,7,'2008-05-03 12:00:00','QualifyGame',NULL);
INSERT INTO `games` VALUES (52,17,6,2,7,'2008-05-03 13:00:00','QualifyGame',NULL);
INSERT INTO `games` VALUES (53,11,7,7,2,'2008-04-26 12:00:00','QualifyGame',NULL);
INSERT INTO `games` VALUES (54,17,12,1,8,'2008-04-06 12:00:00','QualifyGame',NULL);
INSERT INTO `games` VALUES (55,20,16,2,7,'2007-10-27 12:00:00','QualifyGame',NULL);
INSERT INTO `games` VALUES (56,12,16,6,3,'2007-09-29 12:00:00','QualifyGame',NULL);
INSERT INTO `games` VALUES (57,4,16,6,3,'2007-09-22 12:00:00','QualifyGame',NULL);
INSERT INTO `games` VALUES (58,17,7,5,4,'2007-09-20 12:00:00','QualifyGame',NULL);
INSERT INTO `games` VALUES (59,6,16,5,4,'2007-09-08 12:00:00','QualifyGame',NULL);
INSERT INTO `games` VALUES (60,49,50,7,8,'2009-05-10 12:00:00',NULL,NULL);
INSERT INTO `games` VALUES (61,12,17,7,8,'2009-05-09 12:00:00',NULL,NULL);
INSERT INTO `games` VALUES (62,12,8,3,2,'2009-05-09 13:00:00',NULL,NULL);
INSERT INTO `games` VALUES (63,49,50,9,6,'2009-05-08 12:00:00',NULL,NULL);
INSERT INTO `games` VALUES (64,17,1,5,6,'2009-05-07 12:00:00',NULL,NULL);
INSERT INTO `games` VALUES (65,17,8,5,0,'2009-05-07 13:00:00',NULL,NULL);
INSERT INTO `games` VALUES (66,6,50,11,4,'2009-05-06 12:00:00',NULL,NULL);
INSERT INTO `games` VALUES (67,17,49,10,5,'2009-05-06 13:00:00',NULL,NULL);
INSERT INTO `games` VALUES (68,17,4,12,11,'2009-05-05 12:00:00',NULL,NULL);
INSERT INTO `games` VALUES (69,12,2,6,8,'2009-05-02 12:00:00',NULL,NULL);
INSERT INTO `games` VALUES (70,50,51,10,7,'2009-05-01 12:00:00',NULL,NULL);
INSERT INTO `games` VALUES (71,8,14,4,1,'2009-04-30 12:00:00',NULL,NULL);
INSERT INTO `games` VALUES (72,49,14,11,4,'2009-04-28 12:00:00',NULL,NULL);
INSERT INTO `games` VALUES (73,50,49,4,11,'2009-04-26 12:00:00',NULL,NULL);
INSERT INTO `games` VALUES (74,50,1,5,35,'2009-04-26 13:00:00',NULL,NULL);
INSERT INTO `games` VALUES (75,29,15,4,5,'2009-04-25 12:00:00',NULL,NULL);
INSERT INTO `games` VALUES (76,1,2,21,20,'2009-04-25 13:00:00',NULL,NULL);
INSERT INTO `games` VALUES (77,6,12,9,6,'2009-04-25 14:00:00',NULL,NULL);
INSERT INTO `games` VALUES (78,2,12,1,1,'2009-04-25 15:00:00',NULL,NULL);
INSERT INTO `games` VALUES (79,14,50,9,6,'2009-04-24 12:00:00',NULL,NULL);
INSERT INTO `games` VALUES (80,2,1,11,9,'2009-04-23 12:00:00',NULL,NULL);
INSERT INTO `games` VALUES (81,1,17,9,6,'2009-04-22 12:00:00',NULL,NULL);
INSERT INTO `games` VALUES (82,51,50,8,7,'2009-04-21 12:00:00',NULL,NULL);
INSERT INTO `games` VALUES (83,2,22,6,3,'2009-04-21 13:00:00',NULL,NULL);
INSERT INTO `games` VALUES (84,17,4,12,9,'2009-04-20 12:00:00',NULL,NULL);
INSERT INTO `games` VALUES (85,50,49,3,6,'2009-04-19 12:00:00',NULL,NULL);
INSERT INTO `games` VALUES (86,11,2,13,7,'2009-04-18 12:00:00',NULL,NULL);
INSERT INTO `games` VALUES (87,17,5,3,10,'2009-04-18 13:00:00',NULL,NULL);
INSERT INTO `games` VALUES (88,17,11,11,4,'2009-04-16 12:00:00',NULL,NULL);
INSERT INTO `games` VALUES (89,17,13,6,9,'2009-04-14 12:00:00',NULL,NULL);
INSERT INTO `games` VALUES (90,2,1,10,13,'2009-04-12 12:00:00',NULL,NULL);
INSERT INTO `games` VALUES (91,11,12,6,9,'2009-04-11 12:00:00',NULL,NULL);
INSERT INTO `games` VALUES (92,15,14,9,6,'2009-04-10 12:00:00',NULL,NULL);
INSERT INTO `games` VALUES (93,2,17,9,8,'2009-04-08 12:00:00',NULL,NULL);
INSERT INTO `games` VALUES (94,6,14,10,5,'2009-04-08 13:00:00',NULL,NULL);
INSERT INTO `games` VALUES (95,49,50,13,6,'2009-04-08 14:00:00',NULL,NULL);
INSERT INTO `games` VALUES (96,17,4,10,5,'2009-04-07 12:00:00',NULL,NULL);
INSERT INTO `games` VALUES (97,11,13,8,7,'2009-04-07 13:00:00',NULL,NULL);
INSERT INTO `games` VALUES (98,17,11,9,6,'2009-04-04 12:00:00',NULL,NULL);
INSERT INTO `games` VALUES (99,11,15,6,3,'2009-04-02 12:00:00',NULL,NULL);
INSERT INTO `games` VALUES (100,6,17,9,6,'2009-04-02 13:00:00',NULL,NULL);
INSERT INTO `games` VALUES (101,50,47,7,6,'2009-04-02 14:00:00',NULL,NULL);
INSERT INTO `games` VALUES (102,6,6,20,20,'2009-04-01 12:00:00',NULL,NULL);
INSERT INTO `games` VALUES (103,50,51,5,4,'2009-03-31 12:00:00',NULL,NULL);
INSERT INTO `games` VALUES (104,17,13,10,5,'2009-03-30 12:00:00',NULL,NULL);
INSERT INTO `games` VALUES (105,17,7,5,4,'2009-03-27 12:00:00',NULL,NULL);
INSERT INTO `games` VALUES (106,13,14,9,6,'2009-03-27 13:00:00',NULL,NULL);
INSERT INTO `games` VALUES (107,12,13,4,11,'2009-03-27 14:00:00',NULL,NULL);
INSERT INTO `games` VALUES (108,2,17,1,5,'2009-03-27 15:00:00',NULL,NULL);
INSERT INTO `games` VALUES (109,50,49,9,8,'2009-03-27 16:00:00',NULL,NULL);
INSERT INTO `games` VALUES (110,17,11,7,8,'2009-03-26 12:00:00',NULL,NULL);
INSERT INTO `games` VALUES (111,47,50,6,5,'2009-03-24 12:00:00',NULL,NULL);
INSERT INTO `games` VALUES (112,51,50,5,4,'2009-03-24 13:00:00',NULL,NULL);
INSERT INTO `games` VALUES (113,17,2,6,3,'2009-03-24 14:00:00',NULL,NULL);
INSERT INTO `games` VALUES (114,17,51,7,2,'2009-03-24 15:00:00',NULL,NULL);
INSERT INTO `games` VALUES (115,2,5,7,4,'2009-03-23 12:00:00',NULL,NULL);
INSERT INTO `games` VALUES (116,11,17,7,8,'2009-03-22 12:00:00',NULL,NULL);
INSERT INTO `games` VALUES (117,16,10,7,11,'2009-03-21 12:00:00',NULL,NULL);
INSERT INTO `games` VALUES (118,17,16,11,6,'2009-03-21 13:00:00',NULL,NULL);
INSERT INTO `games` VALUES (119,3,12,7,2,'2009-03-21 14:00:00',NULL,NULL);
INSERT INTO `games` VALUES (120,2,1,12,7,'2009-03-20 12:00:00',NULL,NULL);
INSERT INTO `games` VALUES (121,2,17,11,4,'2009-03-20 13:00:00',NULL,NULL);
INSERT INTO `games` VALUES (122,11,17,7,8,'2009-03-19 12:00:00',NULL,NULL);
INSERT INTO `games` VALUES (123,49,50,11,6,'2009-03-18 12:00:00',NULL,NULL);
INSERT INTO `games` VALUES (124,17,14,11,4,'2009-03-17 12:00:00',NULL,NULL);
INSERT INTO `games` VALUES (125,17,11,5,9,'2009-03-13 12:00:00',NULL,NULL);
INSERT INTO `games` VALUES (126,2,1,18,22,'2009-03-11 12:00:00',NULL,NULL);
INSERT INTO `games` VALUES (127,50,11,2,7,'2009-03-10 12:00:00',NULL,NULL);
INSERT INTO `games` VALUES (128,4,17,10,5,'2009-03-10 13:00:00',NULL,NULL);
INSERT INTO `games` VALUES (129,11,50,10,3,'2009-03-09 12:00:00',NULL,NULL);
INSERT INTO `games` VALUES (130,2,1,12,11,'2009-03-09 13:00:00',NULL,NULL);
INSERT INTO `games` VALUES (131,2,11,11,4,'2009-03-09 14:00:00',NULL,NULL);
INSERT INTO `games` VALUES (132,17,14,11,4,'2009-03-08 12:00:00',NULL,NULL);
INSERT INTO `games` VALUES (133,1,50,19,2,'2009-03-08 13:00:00',NULL,NULL);
INSERT INTO `games` VALUES (134,12,17,10,5,'2009-03-07 12:00:00',NULL,NULL);
INSERT INTO `games` VALUES (135,11,5,4,5,'2009-03-07 13:00:00',NULL,NULL);
INSERT INTO `games` VALUES (136,17,47,9,6,'2009-03-05 12:00:00',NULL,NULL);
INSERT INTO `games` VALUES (137,4,16,10,5,'2009-03-05 13:00:00',NULL,NULL);
INSERT INTO `games` VALUES (138,5,50,10,1,'2009-03-05 14:00:00',NULL,NULL);
INSERT INTO `games` VALUES (139,11,17,13,2,'2009-03-04 12:00:00',NULL,NULL);
INSERT INTO `games` VALUES (140,47,50,7,10,'2009-03-01 12:00:00',NULL,NULL);
INSERT INTO `games` VALUES (141,17,14,9,6,'2009-03-01 13:00:00',NULL,NULL);
INSERT INTO `games` VALUES (142,2,1,17,14,'2009-02-28 12:00:00',NULL,NULL);
INSERT INTO `games` VALUES (143,6,47,12,3,'2009-02-28 13:00:00',NULL,NULL);
INSERT INTO `games` VALUES (144,6,17,7,8,'2009-02-28 14:00:00',NULL,NULL);
INSERT INTO `games` VALUES (145,12,47,8,7,'2009-02-28 15:00:00',NULL,NULL);
INSERT INTO `games` VALUES (146,6,15,13,2,'2009-02-26 12:00:00',NULL,NULL);
INSERT INTO `games` VALUES (147,51,50,7,4,'2009-02-26 13:00:00',NULL,NULL);
INSERT INTO `games` VALUES (148,11,14,6,3,'2009-02-26 14:00:00',NULL,NULL);
INSERT INTO `games` VALUES (149,17,13,7,8,'2009-02-26 15:00:00',NULL,NULL);
INSERT INTO `games` VALUES (150,2,12,10,5,'2009-02-25 12:00:00',NULL,NULL);
INSERT INTO `games` VALUES (151,11,17,10,5,'2009-02-24 12:00:00',NULL,NULL);
INSERT INTO `games` VALUES (152,47,49,4,7,'2009-02-23 12:00:00',NULL,NULL);
INSERT INTO `games` VALUES (153,2,49,13,2,'2009-02-23 13:00:00',NULL,NULL);
INSERT INTO `games` VALUES (154,50,47,8,7,'2009-02-23 14:00:00',NULL,NULL);
INSERT INTO `games` VALUES (155,17,47,24,15,'2009-02-22 12:00:00',NULL,NULL);
INSERT INTO `games` VALUES (156,17,11,6,9,'2009-02-21 12:00:00',NULL,NULL);
INSERT INTO `games` VALUES (157,2,12,8,7,'2009-02-21 13:00:00',NULL,NULL);
INSERT INTO `games` VALUES (158,1,49,17,6,'2009-02-21 14:00:00',NULL,NULL);
INSERT INTO `games` VALUES (159,2,17,14,1,'2009-02-20 12:00:00',NULL,NULL);
INSERT INTO `games` VALUES (160,1,3,10,5,'2009-02-19 12:00:00',NULL,NULL);
INSERT INTO `games` VALUES (161,11,17,5,10,'2009-02-19 13:00:00',NULL,NULL);
INSERT INTO `games` VALUES (162,49,10,11,4,'2009-02-19 14:00:00',NULL,NULL);
INSERT INTO `games` VALUES (163,47,1,4,13,'2009-02-19 15:00:00',NULL,NULL);
INSERT INTO `games` VALUES (164,16,27,4,5,'2009-02-16 12:00:00',NULL,NULL);
INSERT INTO `games` VALUES (165,17,16,6,9,'2009-02-12 12:00:00',NULL,NULL);
INSERT INTO `games` VALUES (166,14,16,8,7,'2009-02-12 13:00:00',NULL,NULL);
INSERT INTO `games` VALUES (167,5,1,7,12,'2009-02-11 12:00:00',NULL,NULL);
INSERT INTO `games` VALUES (168,17,47,12,3,'2009-02-10 12:00:00',NULL,NULL);
INSERT INTO `games` VALUES (169,14,15,2,7,'2009-02-10 13:00:00',NULL,NULL);
INSERT INTO `games` VALUES (170,7,13,4,7,'2009-02-10 14:00:00',NULL,NULL);
INSERT INTO `games` VALUES (171,4,14,8,7,'2009-02-08 12:00:00',NULL,NULL);
INSERT INTO `games` VALUES (172,17,11,6,9,'2009-02-08 13:00:00',NULL,NULL);
INSERT INTO `games` VALUES (173,17,15,6,9,'2009-02-07 12:00:00',NULL,NULL);
INSERT INTO `games` VALUES (174,47,29,8,1,'2009-02-07 13:00:00',NULL,NULL);
INSERT INTO `games` VALUES (175,11,1,9,12,'2009-02-05 12:00:00',NULL,NULL);
INSERT INTO `games` VALUES (176,5,3,18,5,'2009-02-04 12:00:00',NULL,NULL);
INSERT INTO `games` VALUES (177,17,14,6,3,'2009-02-03 12:00:00',NULL,NULL);
INSERT INTO `games` VALUES (178,17,11,7,12,'2009-02-02 12:00:00',NULL,NULL);
INSERT INTO `games` VALUES (179,4,16,8,7,'2009-01-31 12:00:00',NULL,NULL);
INSERT INTO `games` VALUES (180,4,17,10,5,'2009-01-31 13:00:00',NULL,NULL);
INSERT INTO `games` VALUES (181,1,4,8,5,'2009-01-29 12:00:00',NULL,NULL);
INSERT INTO `games` VALUES (182,17,15,4,5,'2009-01-29 13:00:00',NULL,NULL);
INSERT INTO `games` VALUES (183,6,16,11,4,'2009-01-29 14:00:00',NULL,NULL);
INSERT INTO `games` VALUES (184,17,47,11,4,'2009-01-28 12:00:00',NULL,NULL);
INSERT INTO `games` VALUES (185,11,1,6,9,'2009-01-27 12:00:00',NULL,NULL);
INSERT INTO `games` VALUES (186,11,17,14,5,'2009-01-24 12:00:00',NULL,NULL);
INSERT INTO `games` VALUES (187,7,17,8,3,'2009-01-24 13:00:00',NULL,NULL);
INSERT INTO `games` VALUES (188,2,11,12,7,'2009-01-24 14:00:00',NULL,NULL);
INSERT INTO `games` VALUES (189,6,28,7,2,'2009-01-22 12:00:00',NULL,NULL);
INSERT INTO `games` VALUES (190,13,17,6,5,'2009-01-22 13:00:00',NULL,NULL);
INSERT INTO `games` VALUES (191,1,2,15,10,'2009-01-22 14:00:00',NULL,NULL);
INSERT INTO `games` VALUES (192,2,15,8,1,'2009-01-22 15:00:00',NULL,NULL);
INSERT INTO `games` VALUES (193,2,17,13,0,'2009-01-20 12:00:00',NULL,NULL);
INSERT INTO `games` VALUES (194,15,4,3,6,'2009-01-20 13:00:00',NULL,NULL);
INSERT INTO `games` VALUES (195,2,5,4,11,'2009-01-15 12:00:00',NULL,NULL);
INSERT INTO `games` VALUES (196,17,11,2,13,'2009-01-14 12:00:00',NULL,NULL);
INSERT INTO `games` VALUES (197,4,3,9,6,'2009-01-14 13:00:00',NULL,NULL);
INSERT INTO `games` VALUES (198,2,1,11,12,'2009-01-14 14:00:00',NULL,NULL);
INSERT INTO `games` VALUES (199,5,2,11,14,'2009-01-10 12:00:00',NULL,NULL);
INSERT INTO `games` VALUES (200,17,16,8,11,'2009-01-10 13:00:00',NULL,NULL);
INSERT INTO `games` VALUES (201,17,12,1,8,'2009-01-10 14:00:00',NULL,NULL);
INSERT INTO `games` VALUES (202,6,16,9,6,'2009-01-10 15:00:00',NULL,NULL);
INSERT INTO `games` VALUES (203,17,11,7,8,'2009-01-05 12:00:00',NULL,NULL);
INSERT INTO `games` VALUES (204,14,11,5,10,'2009-01-04 12:00:00',NULL,NULL);
INSERT INTO `games` VALUES (205,1,4,6,9,'2009-01-03 12:00:00',NULL,NULL);
INSERT INTO `games` VALUES (206,2,6,12,3,'2009-01-03 13:00:00',NULL,NULL);
INSERT INTO `games` VALUES (207,4,17,7,8,'2008-12-29 12:00:00',NULL,NULL);
INSERT INTO `games` VALUES (208,14,4,6,9,'2008-12-25 12:00:00',NULL,NULL);
INSERT INTO `games` VALUES (209,17,16,8,7,'2008-12-23 12:00:00',NULL,NULL);
INSERT INTO `games` VALUES (210,2,1,6,9,'2008-12-23 13:00:00',NULL,NULL);
INSERT INTO `games` VALUES (211,12,11,4,7,'2008-12-20 12:00:00',NULL,NULL);
INSERT INTO `games` VALUES (212,3,1,5,10,'2008-12-20 13:00:00',NULL,NULL);
INSERT INTO `games` VALUES (213,5,2,9,6,'2008-12-20 14:00:00',NULL,NULL);
INSERT INTO `games` VALUES (214,5,3,5,6,'2008-12-20 15:00:00',NULL,NULL);
INSERT INTO `games` VALUES (215,17,11,3,10,'2008-12-16 12:00:00',NULL,NULL);
INSERT INTO `games` VALUES (216,17,14,4,5,'2008-12-16 13:00:00',NULL,NULL);
INSERT INTO `games` VALUES (217,14,29,8,3,'2008-12-11 12:00:00',NULL,NULL);
INSERT INTO `games` VALUES (218,1,2,6,9,'2008-12-11 13:00:00',NULL,NULL);
INSERT INTO `games` VALUES (219,14,13,3,8,'2008-12-10 12:00:00',NULL,NULL);
INSERT INTO `games` VALUES (220,17,1,2,13,'2008-12-10 13:00:00',NULL,NULL);
INSERT INTO `games` VALUES (221,17,14,9,2,'2008-12-07 12:00:00',NULL,NULL);
INSERT INTO `games` VALUES (222,2,5,6,9,'2008-12-07 13:00:00',NULL,NULL);
INSERT INTO `games` VALUES (223,2,4,4,5,'2008-12-06 12:00:00',NULL,NULL);
INSERT INTO `games` VALUES (224,1,5,3,6,'2008-12-06 13:00:00',NULL,NULL);
INSERT INTO `games` VALUES (225,6,5,2,9,'2008-12-06 14:00:00',NULL,NULL);
INSERT INTO `games` VALUES (226,9,2,2,7,'2008-12-06 15:00:00',NULL,NULL);
INSERT INTO `games` VALUES (227,9,11,3,6,'2008-12-04 12:00:00',NULL,NULL);
INSERT INTO `games` VALUES (228,10,30,6,3,'2008-12-04 13:00:00',NULL,NULL);
INSERT INTO `games` VALUES (229,1,2,3,10,'2008-12-04 14:00:00',NULL,NULL);
INSERT INTO `games` VALUES (230,16,14,3,8,'2008-12-04 15:00:00',NULL,NULL);
INSERT INTO `games` VALUES (231,17,11,5,10,'2008-12-03 12:00:00',NULL,NULL);
INSERT INTO `games` VALUES (232,1,22,11,4,'2008-12-02 12:00:00',NULL,NULL);
INSERT INTO `games` VALUES (233,3,10,9,0,'2008-12-02 13:00:00',NULL,NULL);
INSERT INTO `games` VALUES (234,9,10,6,3,'2008-11-29 12:00:00',NULL,NULL);
INSERT INTO `games` VALUES (235,2,5,8,7,'2008-11-29 13:00:00',NULL,NULL);
INSERT INTO `games` VALUES (236,2,15,7,2,'2008-11-27 12:00:00',NULL,NULL);
INSERT INTO `games` VALUES (237,3,5,4,5,'2008-11-25 12:00:00',NULL,NULL);
INSERT INTO `games` VALUES (238,13,7,3,6,'2008-11-24 12:00:00',NULL,NULL);
INSERT INTO `games` VALUES (239,29,17,5,4,'2008-11-22 12:00:00',NULL,NULL);
INSERT INTO `games` VALUES (240,12,3,6,5,'2008-11-22 13:00:00',NULL,NULL);
INSERT INTO `games` VALUES (241,17,5,3,6,'2008-11-22 14:00:00',NULL,NULL);
INSERT INTO `games` VALUES (242,12,5,5,4,'2008-11-22 15:00:00',NULL,NULL);
INSERT INTO `games` VALUES (243,6,17,7,4,'2008-11-22 16:00:00',NULL,NULL);
INSERT INTO `games` VALUES (244,6,16,9,4,'2008-11-20 12:00:00',NULL,NULL);
INSERT INTO `games` VALUES (245,2,15,4,1,'2008-11-20 13:00:00',NULL,NULL);
INSERT INTO `games` VALUES (246,22,17,4,5,'2008-11-19 12:00:00',NULL,NULL);
INSERT INTO `games` VALUES (247,7,5,4,5,'2008-11-19 13:00:00',NULL,NULL);
INSERT INTO `games` VALUES (248,22,5,4,5,'2008-11-19 14:00:00',NULL,NULL);
INSERT INTO `games` VALUES (249,10,29,6,3,'2008-11-15 12:00:00',NULL,NULL);
INSERT INTO `games` VALUES (250,1,15,10,1,'2008-11-15 13:00:00',NULL,NULL);
INSERT INTO `games` VALUES (251,12,2,2,12,'2008-11-15 14:00:00',NULL,NULL);
INSERT INTO `games` VALUES (252,12,7,5,4,'2008-11-15 15:00:00',NULL,NULL);
INSERT INTO `games` VALUES (253,5,2,4,5,'2008-11-15 16:00:00',NULL,NULL);
INSERT INTO `games` VALUES (254,5,3,3,6,'2008-11-15 17:00:00',NULL,NULL);
INSERT INTO `games` VALUES (255,1,29,15,0,'2008-11-13 12:00:00',NULL,NULL);
INSERT INTO `games` VALUES (256,6,5,8,7,'2008-11-12 12:00:00',NULL,NULL);
INSERT INTO `games` VALUES (257,17,1,3,6,'2008-11-08 12:00:00',NULL,NULL);
INSERT INTO `games` VALUES (258,11,1,3,12,'2008-11-08 13:00:00',NULL,NULL);
INSERT INTO `games` VALUES (259,2,6,12,3,'2008-11-08 14:00:00',NULL,NULL);
INSERT INTO `games` VALUES (260,1,2,8,7,'2008-11-01 12:00:00',NULL,NULL);
INSERT INTO `games` VALUES (261,1,16,12,3,'2008-10-30 12:00:00',NULL,NULL);
INSERT INTO `games` VALUES (262,1,4,8,7,'2008-10-24 12:00:00',NULL,NULL);
INSERT INTO `games` VALUES (263,12,1,7,6,'2008-10-18 12:00:00',NULL,NULL);
INSERT INTO `games` VALUES (264,6,1,3,10,'2008-10-16 12:00:00',NULL,NULL);
INSERT INTO `games` VALUES (265,2,1,6,3,'2008-10-11 12:00:00',NULL,NULL);
INSERT INTO `games` VALUES (266,16,6,4,9,'2008-09-27 12:00:00',NULL,NULL);
INSERT INTO `games` VALUES (267,15,12,7,2,'2008-09-20 12:00:00',NULL,NULL);
INSERT INTO `games` VALUES (268,6,17,8,1,'2008-09-06 12:00:00',NULL,NULL);
INSERT INTO `games` VALUES (269,1,11,8,3,'2008-09-03 12:00:00',NULL,NULL);
INSERT INTO `games` VALUES (270,17,15,6,3,'2008-08-30 12:00:00',NULL,NULL);
INSERT INTO `games` VALUES (271,17,14,4,5,'2008-08-30 13:00:00',NULL,NULL);
INSERT INTO `games` VALUES (272,1,2,6,5,'2008-08-23 12:00:00',NULL,NULL);
INSERT INTO `games` VALUES (273,11,15,6,5,'2008-08-23 13:00:00',NULL,NULL);
INSERT INTO `games` VALUES (274,1,12,7,4,'2008-08-16 12:00:00',NULL,NULL);
INSERT INTO `games` VALUES (275,1,11,8,3,'2008-08-15 12:00:00',NULL,NULL);
INSERT INTO `games` VALUES (276,17,4,3,6,'2008-08-03 12:00:00',NULL,NULL);
INSERT INTO `games` VALUES (277,17,13,1,8,'2008-08-02 12:00:00',NULL,NULL);
INSERT INTO `games` VALUES (278,17,11,2,7,'2008-07-12 12:00:00',NULL,NULL);
INSERT INTO `games` VALUES (279,6,17,7,4,'2008-07-05 12:00:00',NULL,NULL);
INSERT INTO `games` VALUES (280,14,16,5,8,'2008-07-04 12:00:00',NULL,NULL);
INSERT INTO `games` VALUES (281,1,2,5,6,'2008-06-22 12:00:00',NULL,NULL);
INSERT INTO `games` VALUES (282,6,41,7,2,'2008-06-21 12:00:00',NULL,NULL);
INSERT INTO `games` VALUES (283,4,17,9,2,'2008-06-07 12:00:00',NULL,NULL);
INSERT INTO `games` VALUES (284,1,17,7,4,'2008-05-31 12:00:00',NULL,NULL);
INSERT INTO `games` VALUES (285,6,2,5,6,'2008-05-10 12:00:00',NULL,NULL);
INSERT INTO `games` VALUES (286,12,2,2,13,'2008-05-03 12:00:00',NULL,NULL);
INSERT INTO `games` VALUES (287,6,1,5,4,'2008-04-26 12:00:00',NULL,NULL);
INSERT INTO `games` VALUES (288,14,15,5,4,'2008-03-09 12:00:00',NULL,NULL);
INSERT INTO `games` VALUES (289,6,16,5,4,'2008-03-09 13:00:00',NULL,NULL);
INSERT INTO `games` VALUES (290,4,14,7,2,'2008-02-15 12:00:00',NULL,NULL);
INSERT INTO `games` VALUES (291,6,14,6,3,'2008-02-09 12:00:00',NULL,NULL);
INSERT INTO `games` VALUES (292,16,7,2,7,'2008-02-09 13:00:00',NULL,NULL);
INSERT INTO `games` VALUES (293,16,4,5,4,'2008-02-02 12:00:00',NULL,NULL);
INSERT INTO `games` VALUES (294,16,14,5,4,'2008-02-02 13:00:00',NULL,NULL);
INSERT INTO `games` VALUES (295,6,16,5,4,'2007-10-27 12:00:00',NULL,NULL);

#
# Table structure for table players
#

CREATE TABLE `players` (
  `id` int(11) NOT NULL auto_increment,
  `name` char(255) character set cp1251 NOT NULL default '<noname>',
  `active` tinyint(1) NOT NULL default '0',
  `raking` decimal(8,4) NOT NULL default '0.0000',
  `full_name` char(255) collate utf8_unicode_ci default NULL,
  PRIMARY KEY  (`id`)
) ENGINE=InnoDB DEFAULT CHARSET=utf8 COLLATE=utf8_unicode_ci ROW_FORMAT=FIXED;

#
# Dumping data for table players
#

INSERT INTO `players` VALUES (1,'Vladimir T',1,0,' ');
INSERT INTO `players` VALUES (2,'Den',1,0,' ');
INSERT INTO `players` VALUES (3,'Illinon',1,0,'');
INSERT INTO `players` VALUES (4,'DK',1,0,'');
INSERT INTO `players` VALUES (5,'Barmaley',1,0,' ');
INSERT INTO `players` VALUES (6,'Lunich',1,0,' ');
INSERT INTO `players` VALUES (7,'Kimm',1,0,'');
INSERT INTO `players` VALUES (8,'BASH!',1,0,'');
INSERT INTO `players` VALUES (9,'SergEK',1,0,'');
INSERT INTO `players` VALUES (10,'Olia M',1,0,'');
INSERT INTO `players` VALUES (11,'Lavrenov',1,0,' ');
INSERT INTO `players` VALUES (12,'Sergiy',1,0,' ');
INSERT INTO `players` VALUES (13,'LG',1,0,'');
INSERT INTO `players` VALUES (14,'Udav',1,0,'');
INSERT INTO `players` VALUES (15,'York',1,0,' ');
INSERT INTO `players` VALUES (16,'Marlboro',1,0,' ');
INSERT INTO `players` VALUES (17,'LudOK',1,0,'');
INSERT INTO `players` VALUES (18,'IRBIS',1,0,NULL);
INSERT INTO `players` VALUES (19,'Cofeynik',1,0,NULL);
INSERT INTO `players` VALUES (20,'Hataxa',1,0,' ');
INSERT INTO `players` VALUES (21,'Griff',1,0,'');
INSERT INTO `players` VALUES (22,'Volmax',1,0,'');
INSERT INTO `players` VALUES (23,'R0land',1,0,NULL);
INSERT INTO `players` VALUES (24,'RAT',1,0,NULL);
INSERT INTO `players` VALUES (25,'LX',1,0,' ');
INSERT INTO `players` VALUES (26,'Sam',1,0,NULL);
INSERT INTO `players` VALUES (27,'Jurist',1,0,'');
INSERT INTO `players` VALUES (28,'LENA',1,0,'');
INSERT INTO `players` VALUES (29,'Lexa',1,0,'');
INSERT INTO `players` VALUES (30,'Gorynych',1,0,'');
INSERT INTO `players` VALUES (31,'Cori',1,0,NULL);
INSERT INTO `players` VALUES (32,'Julia',1,0,'');
INSERT INTO `players` VALUES (33,'Nata-Lee',1,0,'');
INSERT INTO `players` VALUES (34,'Andrey',1,0,'');
INSERT INTO `players` VALUES (35,'Kostenko',1,0,'');
INSERT INTO `players` VALUES (36,'Valkiria',1,0,NULL);
INSERT INTO `players` VALUES (37,'Sergey Ch',1,0,'');
INSERT INTO `players` VALUES (38,'Fagot',1,0,NULL);
INSERT INTO `players` VALUES (39,'Roman',1,0,' ');
INSERT INTO `players` VALUES (40,'Peskar',1,0,' ');
INSERT INTO `players` VALUES (41,'KS',1,0,' ');
INSERT INTO `players` VALUES (42,'Vadim Gl',1,0,'');
INSERT INTO `players` VALUES (43,'Pripara',1,0,' ');
INSERT INTO `players` VALUES (44,'Nikolay',1,0,'');
INSERT INTO `players` VALUES (45,'Peria',1,0,NULL);
INSERT INTO `players` VALUES (46,'',1,0,'');
INSERT INTO `players` VALUES (47,'Fima',1,0,'');
INSERT INTO `players` VALUES (48,'Lesha',0,0,'');
INSERT INTO `players` VALUES (49,'boss429',1,0,'');
INSERT INTO `players` VALUES (50,'Needle',1,0,'');
INSERT INTO `players` VALUES (51,'AlexanderS',1,0,'');
INSERT INTO `players` VALUES (52,'Pavel',0,0,'');

#
# Table structure for table schema_migrations
#

CREATE TABLE `schema_migrations` (
  `version` char(255) character set cp1251 NOT NULL default '',
  UNIQUE KEY `unique_schema_migrations` (`version`)
) ENGINE=InnoDB DEFAULT CHARSET=utf8 COLLATE=utf8_unicode_ci ROW_FORMAT=FIXED;

#
# Dumping data for table schema_migrations
#

INSERT INTO `schema_migrations` VALUES ('20081216201902');
INSERT INTO `schema_migrations` VALUES ('20090112195802');
INSERT INTO `schema_migrations` VALUES ('20090113091616');
INSERT INTO `schema_migrations` VALUES ('20090113093850');
INSERT INTO `schema_migrations` VALUES ('20090119212816');
INSERT INTO `schema_migrations` VALUES ('20090123161720');
INSERT INTO `schema_migrations` VALUES ('20090123162012');
INSERT INTO `schema_migrations` VALUES ('20090123222911');
INSERT INTO `schema_migrations` VALUES ('20090125121858');
INSERT INTO `schema_migrations` VALUES ('20090223112538');
INSERT INTO `schema_migrations` VALUES ('20090223113728');
INSERT INTO `schema_migrations` VALUES ('20090223115158');
INSERT INTO `schema_migrations` VALUES ('20090223134028');
INSERT INTO `schema_migrations` VALUES ('20090223140513');

#
# Table structure for table tournament_participations
#

CREATE TABLE `tournament_participations` (
  `id` int(11) NOT NULL auto_increment,
  `tournament_id` int(11) default NULL,
  `player_id` int(11) default NULL,
  `time` datetime default NULL,
  `place` int(11) default NULL,
  PRIMARY KEY  (`id`)
) ENGINE=InnoDB DEFAULT CHARSET=utf8 COLLATE=utf8_unicode_ci;

#
# Dumping data for table tournament_participations
#

INSERT INTO `tournament_participations` VALUES (1,1,2,'2007-01-27 16:00:00',1);
INSERT INTO `tournament_participations` VALUES (2,1,6,'2007-01-27 16:00:00',2);
INSERT INTO `tournament_participations` VALUES (3,1,12,'2007-01-27 16:00:00',3);
INSERT INTO `tournament_participations` VALUES (4,1,4,'2007-01-27 16:00:00',4);
INSERT INTO `tournament_participations` VALUES (5,1,24,'2007-01-27 16:00:00',5);
INSERT INTO `tournament_participations` VALUES (6,1,27,'2007-01-27 16:00:00',6);
INSERT INTO `tournament_participations` VALUES (7,1,28,'2007-01-27 16:00:00',7);
INSERT INTO `tournament_participations` VALUES (8,1,18,'2007-01-27 16:00:00',8);
INSERT INTO `tournament_participations` VALUES (9,1,26,'2007-01-27 16:00:00',9);
INSERT INTO `tournament_participations` VALUES (10,1,21,'2007-01-27 16:00:00',10);
INSERT INTO `tournament_participations` VALUES (11,1,14,'2007-01-27 16:00:00',11);
INSERT INTO `tournament_participations` VALUES (12,1,7,'2007-01-27 16:00:00',12);
INSERT INTO `tournament_participations` VALUES (13,1,9,'2007-01-27 16:00:00',13);
INSERT INTO `tournament_participations` VALUES (14,1,8,'2007-01-27 16:00:00',14);
INSERT INTO `tournament_participations` VALUES (15,1,36,'2007-01-27 16:00:00',15);
INSERT INTO `tournament_participations` VALUES (16,1,15,'2007-01-27 16:00:00',16);
INSERT INTO `tournament_participations` VALUES (17,1,23,'2007-01-27 16:00:00',17);
INSERT INTO `tournament_participations` VALUES (18,1,38,'2007-01-27 16:00:00',18);
INSERT INTO `tournament_participations` VALUES (19,1,19,'2007-01-27 16:00:00',19);
INSERT INTO `tournament_participations` VALUES (20,1,40,'2007-01-27 16:00:00',20);
INSERT INTO `tournament_participations` VALUES (21,2,12,'2007-02-17 22:00:00',1);
INSERT INTO `tournament_participations` VALUES (22,2,25,'2007-02-17 22:00:00',2);
INSERT INTO `tournament_participations` VALUES (23,2,15,'2007-02-17 22:00:00',3);
INSERT INTO `tournament_participations` VALUES (24,2,26,'2007-02-17 22:00:00',4);
INSERT INTO `tournament_participations` VALUES (25,2,7,'2007-02-17 22:00:00',5);
INSERT INTO `tournament_participations` VALUES (26,2,14,'2007-02-17 22:00:00',6);
INSERT INTO `tournament_participations` VALUES (27,2,4,'2007-02-17 22:00:00',7);
INSERT INTO `tournament_participations` VALUES (28,2,9,'2007-02-17 22:00:00',8);
INSERT INTO `tournament_participations` VALUES (29,2,1,'2007-02-17 22:00:00',9);
INSERT INTO `tournament_participations` VALUES (30,2,48,'2007-02-17 22:00:00',10);
INSERT INTO `tournament_participations` VALUES (31,3,12,'2007-07-28 22:00:00',1);
INSERT INTO `tournament_participations` VALUES (32,3,2,'2007-07-28 22:00:00',2);
INSERT INTO `tournament_participations` VALUES (33,3,15,'2007-07-28 22:00:00',3);
INSERT INTO `tournament_participations` VALUES (34,3,7,'2007-07-28 22:00:00',4);
INSERT INTO `tournament_participations` VALUES (35,3,8,'2007-07-28 22:00:00',5);
INSERT INTO `tournament_participations` VALUES (36,3,4,'2007-07-28 22:00:00',6);
INSERT INTO `tournament_participations` VALUES (37,3,37,'2007-07-28 22:00:00',7);
INSERT INTO `tournament_participations` VALUES (38,3,1,'2007-07-28 22:00:00',8);
INSERT INTO `tournament_participations` VALUES (39,3,9,'2007-07-28 22:00:00',9);
INSERT INTO `tournament_participations` VALUES (40,3,17,'2007-07-28 22:00:00',10);
INSERT INTO `tournament_participations` VALUES (41,3,19,'2007-07-28 22:00:00',11);
INSERT INTO `tournament_participations` VALUES (42,3,14,'2007-07-28 22:00:00',12);
INSERT INTO `tournament_participations` VALUES (64,4,2,'2007-12-01 22:00:00',1);
INSERT INTO `tournament_participations` VALUES (65,4,6,'2007-12-01 22:00:00',2);
INSERT INTO `tournament_participations` VALUES (66,4,12,'2007-12-01 22:00:00',3);
INSERT INTO `tournament_participations` VALUES (67,4,1,'2007-12-01 22:00:00',4);
INSERT INTO `tournament_participations` VALUES (68,4,15,'2007-12-01 22:00:00',5);
INSERT INTO `tournament_participations` VALUES (69,4,4,'2007-12-01 22:00:00',6);
INSERT INTO `tournament_participations` VALUES (70,4,25,'2007-12-01 22:00:00',7);
INSERT INTO `tournament_participations` VALUES (71,4,7,'2007-12-01 22:00:00',8);
INSERT INTO `tournament_participations` VALUES (72,4,14,'2007-12-01 22:00:00',9);
INSERT INTO `tournament_participations` VALUES (73,4,8,'2007-12-01 22:00:00',10);
INSERT INTO `tournament_participations` VALUES (74,4,34,'2007-12-01 22:00:00',11);
INSERT INTO `tournament_participations` VALUES (75,4,35,'2007-12-01 22:00:00',12);
INSERT INTO `tournament_participations` VALUES (76,4,18,'2007-12-01 22:00:00',13);
INSERT INTO `tournament_participations` VALUES (77,4,19,'2007-12-01 22:00:00',14);
INSERT INTO `tournament_participations` VALUES (78,4,9,'2007-12-01 22:00:00',15);
INSERT INTO `tournament_participations` VALUES (79,4,39,'2007-12-01 22:00:00',16);
INSERT INTO `tournament_participations` VALUES (80,4,20,'2007-12-01 22:00:00',17);
INSERT INTO `tournament_participations` VALUES (81,4,43,'2007-12-01 22:00:00',18);
INSERT INTO `tournament_participations` VALUES (82,4,21,'2007-12-01 22:00:00',19);
INSERT INTO `tournament_participations` VALUES (83,4,42,'2007-12-01 22:00:00',20);
INSERT INTO `tournament_participations` VALUES (84,4,41,'2007-12-01 22:00:00',21);
INSERT INTO `tournament_participations` VALUES (85,4,37,'2007-12-01 22:00:00',22);
INSERT INTO `tournament_participations` VALUES (86,4,44,'2007-12-01 22:00:00',23);
INSERT INTO `tournament_participations` VALUES (97,5,1,'2008-07-26 22:00:00',1);
INSERT INTO `tournament_participations` VALUES (98,5,4,'2008-07-26 22:00:00',2);
INSERT INTO `tournament_participations` VALUES (99,5,9,'2008-07-26 22:00:00',3);
INSERT INTO `tournament_participations` VALUES (100,5,22,'2008-07-26 22:00:00',4);
INSERT INTO `tournament_participations` VALUES (101,5,14,'2008-07-26 22:00:00',5);
INSERT INTO `tournament_participations` VALUES (102,5,47,'2008-07-26 22:00:00',5);
INSERT INTO `tournament_participations` VALUES (103,5,10,'2008-07-26 22:00:00',5);
INSERT INTO `tournament_participations` VALUES (104,5,7,'2008-07-26 22:00:00',8);
INSERT INTO `tournament_participations` VALUES (105,5,29,'2008-07-26 22:00:00',9);
INSERT INTO `tournament_participations` VALUES (106,5,6,'2008-07-26 22:00:00',9);
INSERT INTO `tournament_participations` VALUES (107,5,45,'2008-07-26 22:00:00',9);
INSERT INTO `tournament_participations` VALUES (108,5,20,'2008-07-26 22:00:00',9);
INSERT INTO `tournament_participations` VALUES (109,5,19,'2008-07-26 22:00:00',9);
INSERT INTO `tournament_participations` VALUES (110,5,12,'2008-07-26 22:00:00',9);
INSERT INTO `tournament_participations` VALUES (111,5,8,'2008-07-26 22:00:00',9);
INSERT INTO `tournament_participations` VALUES (112,5,31,'2008-07-26 22:00:00',16);
INSERT INTO `tournament_participations` VALUES (169,6,1,'2008-10-25 15:00:00',1);
INSERT INTO `tournament_participations` VALUES (170,6,4,'2008-10-25 15:00:00',2);
INSERT INTO `tournament_participations` VALUES (171,6,6,'2008-10-25 15:00:00',3);
INSERT INTO `tournament_participations` VALUES (172,6,22,'2008-10-25 15:00:00',4);
INSERT INTO `tournament_participations` VALUES (173,6,13,'2008-10-25 15:00:00',5);
INSERT INTO `tournament_participations` VALUES (174,6,12,'2008-10-25 15:00:00',6);
INSERT INTO `tournament_participations` VALUES (175,6,7,'2008-10-25 15:00:00',7);
INSERT INTO `tournament_participations` VALUES (176,6,8,'2008-10-25 15:00:00',7);
INSERT INTO `tournament_participations` VALUES (177,6,17,'2008-10-25 15:00:00',9);
INSERT INTO `tournament_participations` VALUES (178,6,11,'2008-10-25 15:00:00',9);
INSERT INTO `tournament_participations` VALUES (179,6,9,'2008-10-25 15:00:00',11);
INSERT INTO `tournament_participations` VALUES (180,6,16,'2008-10-25 15:00:00',11);
INSERT INTO `tournament_participations` VALUES (181,6,15,'2008-10-25 15:00:00',13);
INSERT INTO `tournament_participations` VALUES (182,6,14,'2008-10-25 15:00:00',14);
INSERT INTO `tournament_participations` VALUES (183,6,29,'2008-10-25 15:00:00',15);
INSERT INTO `tournament_participations` VALUES (184,6,10,'2008-10-25 15:00:00',16);
INSERT INTO `tournament_participations` VALUES (185,6,30,'2008-10-25 15:00:00',17);
INSERT INTO `tournament_participations` VALUES (186,6,20,'2008-10-25 15:00:00',18);
INSERT INTO `tournament_participations` VALUES (187,6,31,'2008-10-25 15:00:00',19);
INSERT INTO `tournament_participations` VALUES (188,6,32,'2008-10-25 15:00:00',19);
INSERT INTO `tournament_participations` VALUES (189,6,23,'2008-10-25 15:00:00',21);
INSERT INTO `tournament_participations` VALUES (190,6,33,'2008-10-25 15:00:00',21);
INSERT INTO `tournament_participations` VALUES (206,7,5,'2009-01-17 20:30:00',1);
INSERT INTO `tournament_participations` VALUES (207,7,1,'2009-01-17 20:30:00',2);
INSERT INTO `tournament_participations` VALUES (208,7,2,'2009-01-17 20:30:00',3);
INSERT INTO `tournament_participations` VALUES (209,7,4,'2009-01-17 20:30:00',3);
INSERT INTO `tournament_participations` VALUES (210,7,22,'2009-01-17 20:30:00',5);
INSERT INTO `tournament_participations` VALUES (211,7,11,'2009-01-17 20:30:00',5);
INSERT INTO `tournament_participations` VALUES (212,7,6,'2009-01-17 20:30:00',7);
INSERT INTO `tournament_participations` VALUES (213,7,17,'2009-01-17 20:30:00',7);
INSERT INTO `tournament_participations` VALUES (214,7,12,'2009-01-17 20:30:00',9);
INSERT INTO `tournament_participations` VALUES (215,7,3,'2009-01-17 20:30:00',9);
INSERT INTO `tournament_participations` VALUES (216,7,15,'2009-01-17 20:30:00',9);
INSERT INTO `tournament_participations` VALUES (217,7,7,'2009-01-17 20:30:00',9);
INSERT INTO `tournament_participations` VALUES (218,7,29,'2009-01-17 20:30:00',13);
INSERT INTO `tournament_participations` VALUES (219,7,10,'2009-01-17 20:30:00',13);
INSERT INTO `tournament_participations` VALUES (220,7,8,'2009-01-17 20:30:00',13);
INSERT INTO `tournament_participations` VALUES (221,7,46,'2009-01-17 20:30:00',13);
INSERT INTO `tournament_participations` VALUES (233,8,5,'2009-02-15 20:30:00',1);
INSERT INTO `tournament_participations` VALUES (234,8,12,'2009-02-15 20:30:00',2);
INSERT INTO `tournament_participations` VALUES (235,8,2,'2009-02-15 20:30:00',3);
INSERT INTO `tournament_participations` VALUES (236,8,7,'2009-02-15 20:30:00',4);
INSERT INTO `tournament_participations` VALUES (237,8,10,'2009-02-15 20:30:00',5);
INSERT INTO `tournament_participations` VALUES (238,8,1,'2009-02-15 20:30:00',5);
INSERT INTO `tournament_participations` VALUES (239,8,6,'2009-02-15 20:30:00',7);
INSERT INTO `tournament_participations` VALUES (240,8,16,'2009-02-15 20:30:00',7);
INSERT INTO `tournament_participations` VALUES (241,8,17,'2009-02-15 20:30:00',9);
INSERT INTO `tournament_participations` VALUES (242,8,28,'2009-02-15 20:30:00',9);
INSERT INTO `tournament_participations` VALUES (243,8,27,'2009-02-15 20:30:00',9);
INSERT INTO `tournament_participations` VALUES (244,8,49,'2009-02-15 20:30:00',9);
INSERT INTO `tournament_participations` VALUES (245,8,51,'2009-02-15 20:30:00',13);
INSERT INTO `tournament_participations` VALUES (246,8,50,'2009-02-15 20:30:00',13);
INSERT INTO `tournament_participations` VALUES (258,9,1,'2009-03-14 20:30:00',1);
INSERT INTO `tournament_participations` VALUES (259,9,17,'2009-03-14 20:30:00',2);
INSERT INTO `tournament_participations` VALUES (260,9,3,'2009-03-14 20:30:00',3);
INSERT INTO `tournament_participations` VALUES (261,9,12,'2009-03-14 20:30:00',4);
INSERT INTO `tournament_participations` VALUES (262,9,6,'2009-03-14 20:30:00',5);
INSERT INTO `tournament_participations` VALUES (263,9,15,'2009-03-14 20:30:00',5);
INSERT INTO `tournament_participations` VALUES (264,9,11,'2009-03-14 20:30:00',7);
INSERT INTO `tournament_participations` VALUES (265,9,7,'2009-03-14 20:30:00',7);
INSERT INTO `tournament_participations` VALUES (266,9,49,'2009-03-14 20:30:00',9);
INSERT INTO `tournament_participations` VALUES (267,9,16,'2009-03-14 20:30:00',9);
INSERT INTO `tournament_participations` VALUES (268,9,51,'2009-03-14 20:30:00',9);
INSERT INTO `tournament_participations` VALUES (269,9,52,'2009-03-14 20:30:00',9);
INSERT INTO `tournament_participations` VALUES (270,9,10,'2009-03-14 20:30:00',13);
INSERT INTO `tournament_participations` VALUES (271,10,5,'2009-04-11 20:30:00',1);
INSERT INTO `tournament_participations` VALUES (272,10,2,'2009-04-11 20:30:00',2);
INSERT INTO `tournament_participations` VALUES (273,10,17,'2009-04-11 20:30:00',3);
INSERT INTO `tournament_participations` VALUES (274,10,51,'2009-04-11 20:30:00',4);
INSERT INTO `tournament_participations` VALUES (275,10,6,'2009-04-11 20:30:00',5);
INSERT INTO `tournament_participations` VALUES (276,10,1,'2009-04-11 20:30:00',5);
INSERT INTO `tournament_participations` VALUES (277,10,15,'2009-04-11 20:30:00',7);
INSERT INTO `tournament_participations` VALUES (278,10,50,'2009-04-11 20:30:00',7);
INSERT INTO `tournament_participations` VALUES (279,10,11,'2009-04-11 20:30:00',9);
INSERT INTO `tournament_participations` VALUES (280,10,12,'2009-04-11 20:30:00',9);

#
# Table structure for table tournaments
#

CREATE TABLE `tournaments` (
  `id` int(11) NOT NULL auto_increment,
  `name` char(255) character set cp1251 default NULL,
  `start` datetime default NULL,
  `end` datetime default NULL,
  `created_at` datetime default NULL,
  `updated_at` datetime default NULL,
  `total_raking` decimal(8,4) default NULL,
  `coeff` decimal(8,4) default NULL,
  `raking` decimal(8,4) default NULL,
  `qualify` tinyint(1) NOT NULL default '0',
  PRIMARY KEY  (`id`)
) ENGINE=InnoDB DEFAULT CHARSET=utf8 COLLATE=utf8_unicode_ci ROW_FORMAT=FIXED;

#
# Dumping data for table tournaments
#

INSERT INTO `tournaments` VALUES (1,'LPP-1','2006-06-20 12:00:00','2007-01-27 16:00:00','2009-01-23 20:59:01','2009-01-23 20:59:01',439,1,439,1);
INSERT INTO `tournaments` VALUES (2,'Bingo Challenge','2007-02-17 12:00:00','2007-02-17 22:00:00','2009-01-23 22:42:58','2009-01-23 23:13:24',38,0.5587,21.2316,0);
INSERT INTO `tournaments` VALUES (3,'BASH! - 2007','2007-07-28 12:00:00','2007-07-28 22:00:00','2009-01-23 22:53:17','2009-01-23 23:14:25',44,0.7124,31.3463,0);
INSERT INTO `tournaments` VALUES (4,'LPP-2','2007-06-10 12:00:00','2007-12-01 22:00:00','2009-01-23 23:03:42','2009-01-23 23:14:52',449,0.6727,302.063,1);
INSERT INTO `tournaments` VALUES (5,'BASH! - 2008','2008-07-26 12:00:00','2008-07-26 22:00:00','2009-01-23 23:21:48','2009-01-23 23:22:02',52,0.6218,32.3342,0);
INSERT INTO `tournaments` VALUES (6,'LPP-3','2008-03-15 12:00:00','2008-10-25 15:00:00','2009-01-23 23:26:16','2009-01-23 23:34:41',546.443,0.5756,314.5285,1);
INSERT INTO `tournaments` VALUES (7,'SPP-1','2009-01-17 12:30:00','2009-01-17 20:30:00','2009-01-23 23:39:04','2009-01-23 23:39:24',91,0.7899,71.8834,0);
INSERT INTO `tournaments` VALUES (8,'SPP-2','2009-02-15 12:30:00','2009-02-15 20:30:00','2009-01-23 23:39:04','2009-01-23 23:39:04',121,0.8185,99.0342,0);
INSERT INTO `tournaments` VALUES (9,'SPP-3','2009-03-14 12:30:00','2009-03-14 20:30:00','2009-01-23 23:39:04','2009-01-23 23:39:04',121,0.8006,96.8762,0);
INSERT INTO `tournaments` VALUES (10,'SPP-4','2009-04-11 12:30:00','2009-04-11 20:30:00','2009-01-23 23:39:04','2009-01-23 23:39:04',121,0.8714,105.4345,0);

/*!40101 SET NAMES latin1 */;

/*!40111 SET SQL_NOTES=@OLD_SQL_NOTES */;
/*!40101 SET SQL_MODE=@OLD_SQL_MODE */;
/*!40103 SET TIME_ZONE=@OLD_TIME_ZONE */;
